Household_Key,Retail,Coupon_Match,Coupon,Total_Sales
1,-330.29,-9.75,-27.75,1727.83
2,-173.55,0,-5,880.12
3,-509.19,-19.8,-61.19,1889.32
4,-90.69,0,-2.5,928.03
5,-88.29,0,0,495.11
6,-313.74,-0.45,-0.55,2453.06
7,-105.47,-0.75,-6,804.59
8,-365.78,-0.5,-14,1864.88
9,-17.08,0,0,109.73
10,-9.85,0,0,133.98
11,-4.68,0,0,23.34
12,-12.32,0,0,116.03
13,-626.55,-22.05,-130.09,5158.62
14,-183.69,0,-3.5,781.59
15,-53.73,0,0,281.42
16,-114.94,0,0,1047.1
17,-565.69,0,-75,3167.26
18,-397.94,-5.3,-18.5,2411.32
19,-963.41,0,0,2976.69
20,-233.83,-7.35,-14.35,1824.55
21,-9.37,0,0,143.98
22,-301.03,-3.05,-12.15,2420.01
23,-143.06,0,0,1838.67
24,-302.58,0,0,1191.74
25,-226.03,0,-21,1144.48
26,-157.75,0,0,925.54
27,-105.99,-0.94,-2.05,1220.34
28,-106.21,0,0,819.69
29,-246.78,0,-2.99,964.85
30,-62.6,0,-3,337.12
31,-116.45,-23.54,-47.13,590.14
32,-150.17,-0.45,-0.55,1571.86
33,-179.62,0,0,576.05
34,-23.43,0,0,114.69
35,-51.29,0,-1,428.64
36,-218.26,0,0,1379.8
37,-217.43,0,0,871.22
38,-39.23,0,-2.5,465.58
39,-453.88,-2.05,-3.35,2792.23
40,-461.36,0,-7,4463.65
41,-150.88,0,0,783.35
42,-232.94,-5.3,-8.75,831.6
43,-43.2,-0.85,-3.35,383.78
44,-59.99,0,0,392.98
45,-38.68,0,0,549.46
46,-439.19,0,-2,2211.83
47,-99.85,0,0,827.12
48,-18.04,0,0,251.44
49,-278.2,-0.25,-1.75,1730.69
50,-10.06,0,0,135.19
51,-103.78,-0.45,-0.55,1162.67
52,-212.14,0,-1,1753.27
53,-134.34,-1.5,-1.5,672.67
54,-7.56,0,0,56.72
55,-82.04,0,0,553.94
56,-398.78,-7.4,-16.43,2307.44
57,-281.46,-0.45,-5.84,1681.46
58,-623.37,-9,-42.25,4165.7
59,-86.9,-1.25,-1.45,591.27
60,-36.37,0,0,296.78
61,-51.01,0,0,138.67
62,-15.68,0,0,79.75
63,-38.68,0,0,302.61
64,-127.18,-0.45,-0.55,1028.41
65,-95.05,0,0,847.62
66,-60.77,0,0,292.22
67,-727.42,-18.94,-71.45,3354.04
68,-295.76,-1.05,-11.92,1476.29
69,-425.88,0,0,2149.27
70,-7.93,0,0,48.86
71,-230.17,0,-25.5,1764.76
72,-476.27,0,-11.99,2483.29
73,-108.7,0,-0.55,1095.84
74,-452.51,-0.75,-9.25,1075
75,-83.33,0,-5.5,242.31
76,-44.8,0,0,134.07
77,-553.03,-1.9,-14.5,2945.84
78,-107.81,0,0,612.44
79,-214.72,-3.25,-13.14,992.78
80,-240.93,0,-11.9,833.48
81,-896.81,0,-4.99,4413.08
82,-45.22,0,0,308.28
83,-112.21,0,0,666.37
84,-57.96,-0.45,-0.55,311.49
85,-486.75,-0.45,-3.05,2487.63
86,-211.67,0,0,1799.8
87,-10,0,-3,209.87
88,-857.22,-6.2,-38.2,4487.49
89,-5.28,0,0,33.21
90,-30,0,0,216.01
91,-100.06,0,0,457.38
92,-127.83,0,0,450.84
93,-376.47,-7.14,-76.18,1906.12
94,-49.64,0,-1.5,128.63
95,-832.78,-0.25,-15.26,2307.49
96,-145.51,0,0,1022.29
97,-457.08,-0.35,-0.35,2096.22
98,-72.52,0,0,475.21
99,-594.07,-2.05,-28.45,3467.41
100,-163.57,0,-2.5,704.63
101,-544.98,-0.35,-0.35,2001.16
102,-53.16,0,-2.5,304.84
103,-64.73,0,0,335.05
104,-365.17,-7.35,-19.85,1355.61
105,-703.21,-4.95,-5.15,2346.76
106,-22.97,0,0,302.35
107,-125.72,0,0,1045.38
108,-218.05,0,-1.5,1627.87
109,-146.02,0,0,1081.59
110,-304.18,-0.25,-1.25,1694.42
111,-199.55,-2.6,-9.89,814.41
112,-32.85,0,0,388.18
113,-896.37,-9.15,-34.1,6193.9
114,-288.56,0,0,1620.18
115,-580.21,0,-7.49,4549.82
116,-110,-0.4,-2.9,264.31
117,-223.74,-3.2,-6.8,1103.16
118,-202.35,0,-1,1781.92
119,-45.08,0,-6.24,521.18
120,-4.16,0,0,122.37
121,-108.53,0,-3.5,649.99
122,-578.91,-0.75,-6.54,1884.36
123,-341.07,0,-1,1667.65
124,-107.33,-3.4,-3.8,361.38
125,-745.35,-5.8,-50.69,4943.67
126,-79.86,0,0,406.31
127,-240.61,-10.6,-16.9,716.08
128,-32.6,0,0,196.87
129,-16.21,0,-1,105.96
130,-55.72,0,0,477.47
131,-569.48,-1.05,-21.05,3255.34
132,-255.45,0,0,1385.69
133,-334.46,-0.8,-7.9,1365.48
134,-534,-0.5,-3,2421.44
135,-54.73,-0.25,-1.75,286.35
136,-164.43,0,0,992.77
137,-247.61,-0.8,-11.7,880.62
138,-268.1,-0.7,-10.7,1214.93
139,-142.83,-0.45,-15.53,657.85
140,-192.5,0,-2.69,1092.73
141,-33.07,0,0,205.97
142,-193.04,0,0,1236.89
143,-611.22,-6.05,-39.68,2811.43
144,-257.48,0,0,1189.06
145,-129.45,0,-2,565.87
146,-120.73,0,0,397.5
147,-411.94,0,-2.05,980.45
148,-40.63,-0.45,-0.55,377.21
149,-636.61,0,0,5543.64
150,-44.81,0,0,206.78
151,-271.32,-3.65,-15.39,943.24
152,-279.81,-1.35,-8.94,679.64
153,-122.76,0,-5.48,574.72
154,-100.08,0,0,544.85
155,-156.88,0,-2,989.01
156,-478.69,-2.65,-13.5,3059.72
157,-199.54,-0.25,-0.25,1153.76
158,-164.3,-12.4,-66.4,699.69
159,-140.18,0,0,646.13
160,-103.74,0,-1,580.24
161,-259.52,0,-1,1252.24
162,-118.78,0,0,1135.15
163,-29.92,0,-2.5,241.57
164,-309.88,-1.3,-2.7,1213.09
165,-414.51,-0.25,-1.75,1254.17
166,-113.42,0,0,799.16
167,-18.78,0,0,210.05
168,-34.78,0,0,290.08
169,-19.95,0,0,188.66
170,-160.82,-1.75,-3.45,752.74
171,-39.36,0,0,171.13
172,-69.77,-0.5,-1.5,506.31
173,-5.98,0,0,5.98
174,-142.68,0,-0.99,707.98
175,-29.52,0,0,224.38
176,-63.04,0,0,247.14
177,-8.73,0,0,78.73
178,-5.52,0,0,35.27
179,-94.15,0,0,362.81
180,-218.56,0,0,1296.2
181,-208.03,0,-2.5,1017.86
182,-93.72,0,0,360.67
183,-117.65,0,0,868.99
184,-341.02,-0.95,-8.74,2171.35
185,-164.76,0,-2.5,597.11
186,-1.78,0,0,15.74
187,-98.92,0,0,382.08
188,-336.7,0,0,1334.63
189,-31.14,0,0,284.65
190,-76.42,0,0,313.82
191,-35.66,0,0,106.18
192,-263.6,-1.75,-7.95,1772.66
193,-243.25,0,-1,2071.42
194,-161.44,0,0,932.21
195,-652.3,0,0,2327.37
196,-548.87,-2.3,-9.75,2305.47
197,-38.27,0,0,354.31
198,-914.75,-0.5,-15.49,4187.7
199,-40.54,0,-1,228.35
200,-40.28,0,0,283.55
201,-6.14,0,0,15.12
202,-65.04,0,0,588.55
203,-40.07,-0.25,-0.75,268.77
204,-136.6,-0.45,-0.55,589.26
205,-46.71,0,0,306.66
206,-74.34,0,-0.6,363.77
207,-61.26,0,0,539.56
208,-406.71,-12.94,-33.14,1703.83
209,-419.26,-2.75,-30.84,1926.81
210,-330.77,-0.35,-3.65,1291.74
211,-213.93,0,0,1195.04
212,-225.84,-0.5,-5.49,1425.58
213,-45.97,0,-1,312.35
214,-184.07,-0.25,-0.75,860.21
215,-113.35,0,-3,621.06
216,-89.33,-0.4,-0.4,823.02
217,-241.73,0,-3.5,968.74
218,-368.53,0,0,3776.76
219,-516.12,0,-0.2,4246.62
220,-225.83,-0.3,-1.3,1256.1
221,-221.62,0,0,1051.43
222,-407.68,0,-3,3755.48
223,-265.13,0,0,1555.21
224,-78.96,0,0,394.28
225,-67.54,0,0,418.46
226,-201.9,0,0,985.4
227,-237.28,-0.35,-3.1,546.79
228,-207.01,0,-2.5,716.73
229,-154.33,0,-2,427.21
230,-426.57,-0.25,-0.75,1840.17
231,-104.75,0,0,318.18
232,-1262.11,-1.75,-52.13,7800.64
233,-4.14,0,0,6
234,-37.19,0,0,200.38
235,-627.21,-2.35,-6.15,6544.98
236,-281.93,-3,-13,1068.8
237,-53.33,0,0,396.61
238,-59.24,0,0,428.03
239,-391.26,-7.3,-26.38,1742.89
240,-64.91,0,0,152.77
241,-20,0,0,124.56
242,-303.7,-1.7,-4.3,2429.79
243,-315.43,-2.3,-8.5,2879.1
244,-111.96,0,-1,746.99
245,-135.62,0,0,502.71
246,-86.42,0,0,467.17
247,-38.83,0,0,173.92
248,-1105.78,-14.6,-93.93,2569.72
249,-108.82,0,-18,1012.71
250,-175.95,-5.55,-12.75,1264.22
251,-279.03,-0.5,-0.5,1149.17
252,-6.35,0,0,58.29
253,-1745.86,-30.4,-62.64,5753.02
254,-20.59,0,0,136.84
255,-61.1,0,0,310.24
256,-546.01,-11.3,-59.49,4550.46
257,-232.65,0,0,1058.18
258,-368.12,-12.7,-54.78,1201.71
259,-20.69,0,0,278.44
260,-20.11,0,0,138.02
261,-77.23,0,-1,736.61
262,-500.1,-0.3,-6.8,2852.65
263,-366.24,-1.35,-7.78,2056.61
264,-180.4,0,0,829.72
265,-115.79,-0.45,-0.55,663.99
266,-241.59,0,-1.99,1429.36
267,-4.05,0,0,63.59
268,-62.72,0,-1,273.77
269,-79.05,0,0,442.96
270,-44.93,0,-7.5,101.59
271,-89.74,0,-2,571
272,-72.79,0,-2.77,372.14
273,-79.53,0,0,651.07
274,-2.85,0,0,20.31
275,-369.74,-0.3,-0.9,2093.13
276,-356.28,0,-1,1627.23
277,-55.35,-0.3,-2.8,238.77
278,-172.32,0,-1,1077.79
279,-122.44,-5.55,-7.65,594.83
280,-268.77,0,0,926.14
281,-199.88,-0.45,-4.55,741.94
282,-189.8,-6.05,-10.65,1381.44
283,-135.63,0,0,1110.84
284,-52.3,0,0,453.35
285,-386.66,-0.7,-3.3,1944
286,-43.12,0,0,387.52
287,-197.94,-0.25,-0.75,1104.35
288,-147.3,0,0,1383.84
289,-282.38,0,-1,2154.4
290,-260.94,0,-1,1225.24
291,-77.28,0,0,422.95
292,-106.96,0,-2.5,639.05
293,-325.68,0,-1,1663.61
294,-772.44,-1.45,-36.55,2686.05
295,-3.71,0,0,10.35
296,-0.05,0,0,62.01
297,-175.68,0,-3.5,992.09
298,-52.25,0,0,224.86
299,-4.32,0,0,158.11
300,-607.67,-1.45,-1.55,3411.32
301,-323.31,-0.8,-3.8,2037.65
302,-116.15,0,0,917.96
303,-285.12,0,0,1037.66
304,-803.3,0,-1.5,3470.78
305,-351.31,-1.25,-14.25,1664.02
306,-621.65,-19.4,-57.18,1650.27
307,-196.62,0,0,963.67
308,-52.2,0,0,527.82
309,-301.09,-0.5,-3,1391.72
310,-20.49,0,0,80.86
311,-57.56,0,0,458.75
312,-159.07,-3.84,-24.52,1004.08
313,-17.33,0,0,92.54
314,-161.64,0,0,931.58
315,-15.34,-0.45,-0.55,90.02
316,-44.14,0,0,226.59
317,-414.92,-7.85,-24.27,2548.74
318,-66.02,0,0,534.21
319,-377.32,-0.45,-0.55,1753.91
320,-14.15,0,0,113.79
321,-562.23,-12.55,-35.14,2588.78
322,-192.29,0,-2,1334.28
323,-12.88,0,0,46.57
324,-368.28,-0.5,-2.5,3854.73
325,-443.2,-2.8,-14.19,1057.07
326,-63.13,0,-4,237.44
327,-35.96,0,0,197.78
328,-878.45,0,-7,7415.42
329,-73.5,0,0,958.29
330,-13.98,0,0,99.71
331,-52.07,-0.45,-0.55,492.12
332,-427.53,0,-2.5,1778.35
333,-212.03,0,0,728.61
334,-752.38,-4.35,-34.3,2366.83
335,-135.56,0,0,1238.5
336,-86.18,0,-1.5,729.49
337,-116.8,-0.45,-3.05,491.62
338,-77.4,0,0,543.85
339,-266.6,-0.4,-1.4,754.34
340,-146.97,0,0,728.95
341,-37.22,0,-2,236.28
342,-189.61,0,-2.85,934.47
343,-105.75,0,0,568.18
344,-243.62,-7.45,-23.75,1703.6
345,-467.15,0,0,1375.57
346,-149.99,0,-1,1065.6
347,-44.02,0,0,464.65
348,-32.3,0,0,192.89
349,-14.5,0,0,136.24
350,-112.98,0,0,1368.17
351,-660.64,0,-2.5,2848.78
352,-9.27,0,0,117.43
353,-140.63,0,-1,1142.28
354,-571.28,0,0,4057.64
355,-45.57,0,0,228.84
356,-94.88,0,-2,970.82
357,-90.28,0,0,288.75
358,-460.33,-0.6,-4.32,4570.36
359,-29.68,0,0,172.85
360,-34.99,0,0,209.97
361,-919.08,-1.5,-11.75,3875.51
362,-190.51,0,-6.25,1396.38
363,-9.69,0,0,11
364,-340.27,0,0,1793.8
365,-607.4,0,-3.5,3816.26
366,-133.13,0,0,388.84
367,-924.18,-33.85,-86.11,2813.77
368,-193.23,0,-1,1058.71
369,-48.2,0,0,390.39
370,-223.19,-1.2,-5.68,1500.86
371,-1024.1,-1.4,-7.9,5306.1
372,-74.94,0,-1,298.01
373,-5.4,0,0,49.86
374,-336.36,-0.25,-7.92,3325.24
375,-18.42,-0.25,-0.25,70.36
376,-274.56,0,0,2290.23
377,-290.17,0,0,1517.77
378,-371.32,-4.15,-12.14,2538.11
379,0,0,0,4.49
380,-591.93,-0.25,-0.75,3043.97
381,-271.42,-0.75,-11.25,1535.91
382,-48.19,0,-2.5,377.39
383,-380.2,-4.3,-14.95,2616.2
384,-170.54,0,0,1303.5
385,-219.15,0,0,1096.62
386,-454.78,-6.05,-13.85,1769.28
387,-366.79,-3.85,-16.95,2191.55
388,-218.06,0,0,501.98
389,-1261.03,-9.4,-29.4,5850.23
390,-96.17,0,0,887.99
391,-7.58,0,0,79.05
392,-296.62,-0.35,-0.35,4116.95
393,-299.39,-0.02,-6.48,1289.63
394,-75.39,0,0,512.76
395,-79.78,0,0,405.21
396,-85.29,-0.6,-16.44,502.5
397,-430.83,-0.75,-2.25,2742.94
398,-241.73,-0.25,-0.75,760.82
399,-119.63,0,0,666.68
400,-651.33,-0.4,-17.86,6390.28
401,-90.52,0,0,461.47
402,-83,0,0,742.03
403,-131.87,-0.85,-5.04,407.28
404,-332.78,-0.45,-0.55,2930.12
405,-427.1,0,0,1703.36
406,-53.27,0,0,379.24
407,-126.01,0,-19.99,247.1
408,-172.08,0,-4,1071.21
409,-527.46,-11.7,-31.19,1548.87
410,-127.91,0,-0.59,347.34
411,-317.41,0,-1.59,2307.3
412,-268.87,-0.9,-1.1,820.53
413,-220.96,-0.45,-0.55,2222.54
414,-188.35,0,0,913.02
415,-18.63,0,-4,237.67
416,-294.76,0,-1,1749.18
417,-243.53,-0.5,-0.5,1198.93
418,-168.84,-0.25,-2.75,1711.86
419,-284.51,0,-5,1008.02
420,-292.78,0,0,1785.31
421,-782.62,-13.3,-57.55,3050.63
422,-34.34,-0.25,-4.75,162.15
423,-0.99,0,0,3
424,-43.41,0,-2.3,449.67
425,-791.51,-0.95,-1.05,2845.29
426,-495.4,-5.35,-11.65,2813.22
427,-54.03,0,0,378.85
428,-393.46,-0.75,-1.25,1784.91
429,-125.93,0,-2.5,264.38
430,-125.09,-0.25,-7.44,369.95
431,-47.06,0,-1,204.19
432,-132.33,0,-5.5,1315.37
433,-77.19,0,0,639.45
434,-284.22,0,0,1654.76
435,-31.51,0,0,281.94
436,-142.29,0,0,1053.9
437,-553.68,-2.75,-41.5,3375.83
438,-16.49,0,0,118.02
439,-37.52,0,0,475.76
440,-8.85,0,0,55.11
441,-155.98,0,0,1030.08
442,-169.64,0,0,608.96
443,-159.07,-4.9,-5.5,587.29
444,-99.4,-0.3,-0.3,807.42
445,-251.16,0,-2.5,1277.96
446,-1.78,0,0,64.93
447,-248.21,0,0,1037.59
448,-17.69,0,-2.99,110.91
449,-26.57,0,0,207.74
450,-166.42,0,0,638.24
451,-100.74,0,0,694.29
452,-53.35,-1.5,-1.5,151.08
453,-69.79,0,0,490.31
454,-1096.94,-1.6,-8.4,3286.23
455,-33.73,0,0,430.63
456,-402.23,-2.3,-13.9,3041.67
457,-51.23,0,0,314.12
458,-203.93,-0.25,-27.79,511.75
459,-33.08,0,-5.35,421.64
460,-45.72,-0.35,-2.35,359.48
461,-97.64,0,-1,286.78
462,-101.43,0,-1,622.73
463,-420.38,0,-8.84,2411.55
464,-487.82,-28.93,-68.1,1212.55
465,-30.97,0,0,203.46
466,-3.94,0,0,11.82
467,-231.57,0,-2.99,1024.27
468,-244.11,-0.75,-23.75,2015
469,-567.07,-15.84,-39.13,3605.45
470,-49.85,0,0,915.44
471,-157.88,-1.95,-4.05,539.37
472,-751.92,-2.3,-19.08,4895.35
473,-276.68,0,0,1301.36
474,-65.58,0,0,161.23
475,-135.91,-0.7,-2.3,708.66
476,-123.45,-0.25,-0.75,737.37
477,-83.12,0,0,411.53
478,-23.34,0,0,190.36
479,-162.82,-0.5,-5,978.92
480,-524.72,-2.15,-10.44,2222.15
481,-261.6,-0.25,-3.25,1254.44
482,-212.26,0,0,905.79
483,-281.61,0,-5,813.28
484,-136.42,0,0,852.87
485,-611.99,-0.75,-26.42,2359.03
486,-34.26,0,0,228.31
487,-3.25,0,0,17.08
488,-22.56,0,0,207
489,-262.13,-0.5,-0.5,1739.33
490,-668.51,-30.55,-73.25,1743
491,-193.99,0,-2,1944.02
492,-595.96,-2.8,-27.04,2765.53
493,-249.95,-10.55,-16.15,1624.61
494,-0.25,0,0,8.17
495,-493.54,0,-2.5,1295.11
496,-61.05,0,0,423.26
497,-75.76,-1.5,-2.2,401.59
498,-6.75,0,0,15.77
499,-118.75,0,0,728.34
500,0,0,0,16.22
501,-11.94,0,0,127.05
502,-280.29,0,0,1213.86
503,-294.85,0,-4.29,1880.36
504,-72.35,0,0,157.42
505,-5.29,0,0,17.76
506,-48.79,0,0,313.32
507,-167.91,0,-4.99,778.86
508,-108.26,0,0,646.05
509,-10.23,0,0,117.11
510,-524.67,-1.45,-12.42,3390.8
511,-550.31,0,-14.5,2301.57
512,-235.95,-0.4,-1.4,856.19
513,-1211.85,-1.2,-25.2,5595.48
514,-74.36,0,0,765.59
515,-101.28,0,0,400.23
516,-7.87,0,0,126.43
517,-227.88,-0.45,-0.55,1588.19
518,-178.1,-2.5,-7.87,795.91
519,-161.1,-4.35,-6.95,556.45
520,-363.14,-0.45,-4.05,1169.43
521,-41.51,0,0,243.88
522,-0.29,0,0,15.58
523,-93.1,-2.75,-21.98,1485.64
524,-509.42,0,-6,1533.84
525,-71.22,-0.45,-15.62,471.38
526,-256.81,-1.15,-1.85,1536.48
527,-236.36,0,-1,1188.51
528,-3.71,0,0,41.48
529,-176.55,0,0,1057.35
530,-108.86,0,0,910.15
531,-110.67,0,0,450.91
532,-35.99,0,0,346.34
533,-255.85,0,-2.5,1557.83
534,-67,0,0,500.57
535,-186.49,0,-8.18,368.66
536,-287.07,0,-4,957.39
537,-145.15,0,0,929.71
538,-191.76,0,0,1130.29
539,-2.77,0,0,80.42
540,-54.54,0,0,478.87
541,-191.74,0,0,665.09
542,-291.47,0,0,1151.78
543,-147.27,0,-1,1147.62
544,-149.29,-0.25,-0.75,901.56
545,-233.21,-1.6,-3.6,1151.6
546,-396.8,-0.25,-5.25,1757.81
547,-185.29,0,-1,854.2
548,-455.47,0,-3,2067.22
549,-223.94,-0.35,-0.35,1655.7
550,-52.95,0,0,213.08
551,-132.52,0,0,413.76
552,-248.96,0,0,816.96
553,-424.21,0,-1,2853.95
554,-91.37,-0.5,-7,673.84
555,-57.68,0,0,514.49
556,-93.71,-4.35,-13.74,478.18
557,-51.03,0,0,287.4
558,-193.16,0,0,1318.39
559,-122.52,0,0,177.58
560,-433.65,-0.45,-0.55,3421.9
561,-38.07,0,0,215.13
562,-175.82,0,-10.32,1138.38
563,-174.53,0,-14.69,1056.51
564,-44.45,0,0,171.29
565,-31.43,0,0,291.13
566,-155.1,-0.5,-2.59,832.68
567,-87.24,0,0,480.85
568,-263.03,0,0,1634.69
569,-293.81,-1.9,-4.59,4011.78
570,-168.07,0,-2.5,499.33
571,-77.45,0,-3,700.87
572,-166.88,0,0,749.01
573,-252.97,0,-9,1544.95
574,-529.1,-34.86,-138.16,2042.92
575,-647.17,-0.45,-3.05,5074.08
576,-272.79,0,-1,2137.42
577,-235.96,-2.2,-19.28,2157.98
578,-107.62,0,0,881.22
579,-73.36,0,-2.5,141.84
580,-71.31,-0.45,-0.55,548.63
581,-205.51,0,0,894.91
582,-404.47,0,-2.5,2611.78
583,-196.99,0,0,1522.66
584,-91.33,0,-2,811.23
585,-180.93,-1.35,-1.65,449.7
586,-230.72,-0.7,-1.3,1793.49
587,-16.81,0,-1,72.15
588,-446.32,-6.4,-23.45,3715.09
589,-2.1,0,0,27.59
590,-371.57,0,0,2259.2
591,-966.78,-0.9,-18.52,5933.33
592,-76.54,-0.35,-1.35,319.68
593,-7.48,0,0,78.91
594,-369.43,0,-5,1380.5
595,-234.86,0,-2,945.09
596,-130.63,0,0,1247.24
597,-307.03,0,-0.99,1647.12
598,-188.04,-0.95,-3.05,1124.14
599,-35.75,0,0,323.36
600,-271.15,-10.15,-39.23,1211.44
601,-292.25,0,0,1849.2
602,-16.07,0,0,71.24
603,-570.59,0,-9,2830.6
604,-144.77,0,0,1071.03
605,-246.24,-1.6,-27.24,1406.07
606,-171.01,0,0,1332.07
607,-1059.27,-1.8,-16.28,2937.04
608,-254.1,-0.25,-8.5,1719.48
609,-81.48,0,-9.38,450.55
610,-77.08,-2,-2,250.22
611,-138.56,0,-1,432.99
612,-228.38,0,-1.25,1010.08
613,-65.81,0,0,178.77
614,-151.63,-0.7,-2.3,683.72
615,-6.11,0,0,95.18
616,-163.42,0,0,426.77
617,-62,0,-1,370.83
618,-277.81,-1,-8.79,2017.54
619,-6.68,0,0,22.75
620,-19.04,-2.89,-6.9,187.77
621,-88.66,-0.4,-0.4,770.28
622,-131.95,0,-4.75,770.62
623,-683.14,0,-5,2712.13
624,-627.77,-0.3,-2.8,2511.82
625,-102.37,-6.6,-11.28,596.58
626,-85.03,0,0,357.31
627,-79.01,-0.4,-0.6,565.22
628,-55.22,0,0,436.29
629,-61.1,0,-1,301.46
630,-1132.25,-11.9,-27.8,3221.3
631,-769.95,0,-29.99,4004.18
632,-302.36,-8.05,-15.45,1350.09
633,-518.92,-5.24,-105.18,2593.08
634,-151.61,0,0,915.09
635,-32.64,0,0,184.03
636,-734.66,0,-2,2327.29
637,-190.82,0,0,785.9
638,-365.35,-1.8,-2.2,2857.3
639,-16.43,0,0,95.8
640,-443.78,0,-4.5,1791.64
641,-1009.52,-1.5,-23.5,5815.16
642,-138.62,0,0,1280.01
643,-171.13,-0.5,-6.57,447.98
644,-255.34,-1.75,-5.24,1833.68
645,-49.6,0,0,234.81
646,-254.34,0,-4.5,916.82
647,-400.45,-2.15,-9.78,2208.89
648,-25.86,0,0,281.78
649,-167.32,-2.65,-13.15,901.6
650,-274.77,0,-0.7,979.03
651,-71.98,0,-1.76,230.9
652,-110.76,-0.8,-0.9,838.66
653,-813.5,0,-2.5,5667.68
654,-306.04,-0.25,-4.75,1107.31
655,-117.32,-0.95,-8.03,632.42
656,-321.21,0,-3.5,1564.42
657,-1.09,0,0,44.73
658,-119.2,0,0,459.24
659,-30.51,0,0,258.72
660,-516.65,-1.5,-8.93,2788.53
661,-372.61,0,-1.99,3366.54
662,-74.73,0,-2,477.17
663,-254.37,-0.5,-27.48,1020.98
664,-148.89,-1.75,-4.25,501.31
665,-59.29,0,-1,405.75
666,-54.46,0,0,236.01
667,-46.02,0,0,103.14
668,-130.92,0,-2.5,416.56
669,-464.39,-0.75,-4.25,4716.32
670,-329.53,-2.35,-26.85,1896.54
671,-422.79,-2.95,-8.05,2707.95
672,-310.58,0,-3,1167.68
673,-9.45,0,0,71.35
674,-244.58,-0.25,-0.25,1404.77
675,-221.21,-4.2,-4.7,1412.02
676,-496.72,0,0,3000.65
677,-151.6,0,0,1005.1
678,-73.58,0,0,235.44
679,-293.66,-4.21,-35.58,2730.46
680,-267.63,0,-13.99,1194.96
681,-127.46,-0.5,-0.5,1282.22
682,-421.71,-0.75,-13.84,1840.74
683,-25.19,0,0,146.78
684,-148.08,0,0,937.3
685,-295.23,0,-1,1867.31
686,-43.25,0,-2.5,186.07
687,-279.85,-3.9,-6,1193.26
688,-101.55,0,-1,739.47
689,-2.13,0,0,16.33
690,-231.38,-0.95,-6.55,2160.27
691,-220.69,0,0,1356.95
692,-142.42,-0.25,-3.25,1163.16
693,-471.11,-0.9,-2.1,2831.61
694,-140.97,0,0,1367.35
695,-280.58,0,-1,1985.57
696,-775.32,-1.4,-5.09,4672.22
697,-172.82,0,0,1407.8
698,-94.54,-1,-1,687.39
699,-458.93,-0.45,-4.05,4068.68
700,-361.45,-0.25,-2.94,1505.01
701,-87.06,0,0,647.58
702,-526.98,-1.25,-7.54,2518.97
703,-425.34,0,-0.25,3523.88
704,-1.97,0,0,10
705,-119.1,0,0,577.59
706,-193.26,0,0,1057.5
707,-821.58,-0.7,-6.8,7157.83
708,-181.44,0,0,1122.82
709,-697.64,-0.45,-5.05,2939.36
710,-333.93,-2.35,-5.73,1303.22
711,-2.47,0,0,12.98
712,-849.15,-4.05,-19.88,5292.47
713,-15.93,0,-2.5,67.02
714,-538.11,-1.05,-13.05,1529.41
715,-444.33,-1,-16.48,1236
716,-246.67,-4.45,-16.39,620.91
717,-17.78,0,0,261.96
718,-1897.11,-38.55,-182.26,8488.33
719,-86.42,-0.5,-1.77,374.59
720,-36.74,0,0,687.05
721,-19.27,0,0,224.51
722,-406.33,-4.2,-29.85,2078.15
723,-12.12,0,0,50.07
724,-37.01,0,0,394.51
725,-574.7,0,0,1671.73
726,-73.08,0,-1,426.35
727,-458.86,0,-2.5,2237.8
728,-931.71,-0.7,-4.74,6862.14
729,-154.03,0,0,771.92
730,-68.45,0,0,436.62
731,-298.45,0,-4,1291.11
732,-533.16,-1.8,-7.7,1661.71
733,-137.21,0,-8.69,805.14
734,-71.2,0,0,457.72
735,-30.34,0,-6,423.52
736,-34.12,0,0,400.42
737,-78.88,0,0,647.47
738,-362.87,0,-1,1644.56
739,-38.41,0,-1,160.06
740,-421.79,-0.75,-1.25,2360.79
741,-225.89,0,0,982.88
742,-293.77,-5.3,-34.6,1946.47
743,-116.05,0,0,672.67
744,-304.42,-4.35,-11.55,1226.35
745,-320.46,-0.25,-1.75,2695.29
746,-22.33,0,0,262.79
747,-100.7,0,-1.59,483.11
748,-199.79,0,-3.79,843.8
749,-177.18,0,0,606.21
750,-21.23,0,0,108.92
751,-59.2,0,0,292.48
752,-366.13,0,0,2259.01
753,-127.18,0,-2.99,716.75
754,-39.76,-0.4,-0.4,748.84
755,-253.68,-0.5,-2.5,5217.79
756,-93.98,0,-1,370.72
757,-92.4,-1.3,-3.7,692.46
758,-29.42,0,0,184.9
759,-37.13,0,0,641.14
760,-114.21,0,0,1011.59
761,-481.3,-1.9,-20.69,2663.05
762,-326.27,0,0,2723.53
763,-320.7,-0.7,-3.8,1723.09
764,-163.83,-3.4,-9.1,537.18
765,-142.77,-1.05,-3.65,867.19
766,-490.15,-2.75,-12.94,2834.54
767,-26.76,0,0,110.32
768,-473.84,-0.25,-7.3,2052.83
769,-164.06,0,0,759.32
770,-193.89,-5.2,-14.3,528.97
771,-553.41,0,-2,2181.59
772,-9.05,0,0,93.83
773,-16.07,0,0,150.03
774,-97.97,0,0,425.11
775,-171.96,0,0,953.03
776,-543.1,0,-2.5,2100.51
777,-32.5,0,0,90.64
778,-454.23,-3.6,-7.4,2041.32
779,-135.37,0,0,1199.55
780,-167.74,0,0,469.44
781,-245.24,-2.15,-4.45,523.24
782,-167.86,0,0,926.3
783,-116.89,-1,-3,351.89
784,-222.23,0,-6,1473.37
785,-127.77,0,0,1293.69
786,-291.84,0,0,2932.34
787,-194.3,0,-6.17,1038.13
788,-981.95,-10.05,-43.29,3566.54
789,-2.58,0,0,96.5
790,-32.12,0,0,326.9
791,-7.31,0,0,61.34
792,-39.76,0,0,149.14
793,-195.26,-0.5,-0.5,820.53
794,-125.81,0,0,530.5
795,-135.94,0,-1,800.17
796,-103.43,0,0,283.17
797,-114.22,0,0,1567.41
798,-60.4,0,0,283.31
799,-369.97,-1.85,-7.03,1036.03
800,-716.97,-0.5,-1.5,4328.69
801,-419.69,-0.5,-0.5,684.32
802,-126.94,0,-7,1261.72
803,-116.43,0,0,673.85
804,-728.6,0,-3,2467.49
805,-556.97,0,0,2005.79
806,-404.49,-5.85,-12.75,2451.86
807,-439.74,-0.5,-2.5,1565.41
808,-134.3,0,0,1000.82
809,-46.33,0,-1,126.36
810,-18.34,0,0,281.94
811,-72.49,0,0,285.13
812,-94.21,-3.19,-9.19,625.83
813,-84.19,0,0,731.86
814,-76.8,0,0,481.47
815,-376.85,-1,-5,1413.05
816,-276.96,-2.75,-9.04,1849.76
817,-367.91,0,-4.82,1737.1
818,-16.71,0,0,103.56
819,-7.52,0,0,67.76
820,-453.68,-2,-20.2,2835.4
821,-3.5,0,0,133.82
822,-132.35,0,0,589.64
823,-137.66,0,0,1070.13
824,-30.45,0,0,87.7
825,-815.28,-1.45,-23.92,5949.99
826,-9.9,0,0,82.25
827,-39.82,-0.8,-3,213.47
828,-127.02,0,0,691.1
829,-45.71,0,-2.5,233.24
830,-279.9,-7.65,-48.48,1202.69
831,-514.95,-0.75,-7.25,3531.24
832,-13.65,0,0,145.25
833,-313.4,-1,-3,1158.14
834,-134.7,0,0,892.9
835,-10.07,0,0,105.42
836,-184.14,0,0,632.35
837,-57.14,-0.55,-4.05,248.7
838,-25.98,0,0,222.69
839,-18.43,0,0,176.83
840,-445.16,0,-1,4482.53
841,-122.75,0,-5,501.07
842,-282.79,0,-2.5,1819.57
843,-147.16,0,0,872.43
844,-228.29,-5.05,-27.45,2636.93
845,-335.81,0,-1,2150
846,-27.25,0,0,135.92
847,-17.89,0,0,355.12
848,-111.9,0,0,611.52
849,-243.75,0,0,1861.73
850,-45.96,0,0,301.95
851,-32.7,0,0,155.03
852,-59.96,0,0,643
853,-215.57,-0.45,-3.05,6244.93
854,-26.02,0,0,179.49
855,-430.65,0,-4,2230.91
856,-360.43,-1.25,-5.55,1515.84
857,-171.07,0,-1,1243.05
858,-45.17,0,0,284.23
859,-408.67,-0.45,-0.55,3267.83
860,-54.57,0,-15.29,246
861,-52.85,0,0,717.08
862,-93.09,0,0,380.57
863,-41.09,0,-1,146.04
864,-483.42,0,-10.99,2846.13
865,-184.24,0,0,657.47
866,-493.62,-0.5,-6.99,2220.86
867,-322.2,-8.85,-38.69,2552.04
868,-369.86,-2.95,-11.24,2572.62
869,-30.67,0,0,325.66
870,-35.85,-0.45,-1.3,230.58
871,-559.81,0,0,4582.06
872,-10.38,0,0,98.38
873,-435.26,-0.49,-1.5,1470.22
874,-26,0,0,172.92
875,-139.17,-0.25,-0.75,601.02
876,-251.62,0,0,1930.78
877,-186.62,-7.55,-25.65,1261.49
878,-586.85,0,-1,2712.46
879,-69.34,0,-1.5,448.88
880,-32.19,0,0,163.87
881,-470.23,-3.25,-3.25,1816.35
882,-599.13,-1.35,-16.95,2911.04
883,-468.86,0,-3.5,4295.66
884,-54.4,0,0,441.43
885,-92.81,0,0,515.62
886,-381.9,-5.25,-15.45,2193.72
887,-190.29,0,0,836.78
888,-511.53,-1.6,-94.48,3288.85
889,-761.37,-38.3,-115.78,5800.27
890,-228.59,-0.35,-0.35,765.19
891,-475.11,-1.2,-3.3,2361.43
892,-68.37,-0.4,-7.1,227.4
893,-86.66,0,-1.25,610.3
894,-70.44,0,0,400.86
895,-337.98,-0.5,-2.5,3631.53
896,-773.94,-1.9,-9.5,2579.06
897,-49.5,-0.5,-0.5,385.94
898,-408.65,-0.45,-0.55,3173.66
899,-13.15,0,0,185.68
900,-631.27,0,-4.49,6076.06
901,-202.36,0,0,1217.64
902,-4.76,0,0,96.12
903,-150.29,-0.5,-1.5,1046.39
904,-45.76,0,0,287.95
905,-88.49,0,0,592.92
906,-471.66,-0.24,-9.75,3385.06
907,-235.18,0,-2.19,962.86
908,-694.15,0,-3.5,2839.9
909,-841.14,-4.18,-15.76,5583.13
910,-58.77,0,-3.5,291.44
911,-123.03,0,-2.5,1090.88
912,-78.44,0,0,529.63
913,-155.05,0,0,914.09
914,-59.92,0,0,530.26
915,-27.54,0,0,341.12
916,-146.34,0,0,988.56
917,-64.96,0,0,278.33
918,-393.8,-2.05,-11.04,2513.65
919,-90.62,0,-3,750.46
920,-253.44,0,0,1466.79
921,-6.96,0,0,34.92
922,-147.07,-0.5,-27.82,1395.6
923,-307.11,-2.15,-19.34,1323.99
924,-133.05,0,0,1064.55
925,-48.97,0,0,297.29
926,-532.94,-0.45,-0.55,3870.98
927,-140.41,-0.45,-3.55,342.48
928,-335.58,-0.45,-0.55,2151.12
929,-350.01,-0.45,-2.55,1707.92
930,-207.39,-0.25,-7.75,412.26
931,-487.51,-0.45,-0.55,2258.65
932,-432.27,-0.45,-6.55,3011.31
933,-52.96,0,0,321.94
934,-1102,-0.8,-10.9,3500.34
935,-87.06,0,-1,959.31
936,-478.31,-14.55,-61.57,2187.39
937,-96.94,0,0,491.31
938,-159.81,0,0,906.37
939,-440.07,0,0,1516.75
940,-98.84,0,-1,516.98
941,-116.46,0,-1,904.24
942,-356.97,-3.25,-5.45,1819.47
943,-172.04,-0.45,-0.55,825.93
944,-119.13,0,-1.1,980.24
945,-91.55,-0.45,-0.55,463.39
946,-235.77,0,-1,1065.81
947,-168.82,-1.75,-13.04,1146.93
948,-72.07,0,0,290.5
949,-301.28,-3.15,-10.84,2182.26
950,-146.53,0,0,853.9
951,-15.97,0,0,148.9
952,-146.92,0,-2.5,778.08
953,-221.62,0,0,914.26
954,-389.04,0,-1.55,1252.44
955,-197.06,0,-1,1258.8
956,-551.44,-1.2,-3.2,4497.95
957,-261.15,0,-2,1369.17
958,-30.32,0,0,150.96
959,-10.66,0,-2,73.92
960,-118.7,0,-1.5,1285.29
961,-148.87,0,-1.5,1696.65
962,-152.72,0,0,527.01
963,-150.48,-1,-2.5,1033.43
964,-104.56,-0.45,-0.55,618.29
965,-267.5,-1.3,-3.8,1277.94
966,-4.99,0,0,87.22
967,-68.98,0,0,292.8
968,-828.08,0,-9.79,4038.25
969,-38.04,0,0,237.93
970,-35.28,0,0,211.27
971,-124.33,0,0,1095.03
972,-319.9,-0.9,-2.4,2630.29
973,-407.02,-0.5,-0.5,3622.54
974,-176.47,0,-2.5,894.99
975,-165.23,0,0,1599.83
976,-149.98,0,-1,1375.52
977,-69.35,0,0,266.79
978,-201.97,0,0,1569.37
979,-1185.28,-23.19,-147.72,4651.41
980,-150.99,0,0,536.62
981,-65.88,0,0,511.91
982,-1098.02,-13.4,-93.38,8777.96
983,-334.88,-5.4,-14.5,1324.33
984,-123.09,-0.4,-1.9,366.18
985,-89.95,0,0,366.53
986,-154.35,0,0,723.59
987,-261.31,-0.45,-0.55,1344.12
988,-1030.41,-33.6,-113.43,3560.45
989,-352.96,-0.25,-2.04,1899.83
990,-24.8,0,0,189.61
991,-10.95,0,0,436.59
992,-16.13,0,0,237.21
993,-191.39,0,-3.4,988.74
994,-15.35,0,0,80.33
995,-100.27,0,0,715.86
996,-199.35,0,-27,1010.17
997,-210.61,-0.5,-0.5,2083.38
998,-887.14,-0.5,-17.99,3421.14
999,-255.3,0,-6.5,1267.01
1000,-214.98,0,0,1696.49
1001,-123.76,0,0,863.44
1002,-51.81,0,0,356.95
1003,-255.74,0,-3.5,1175.02
1004,-139.04,0,0,1398.94
1005,-161.32,0,-1,704.79
1006,-37.6,0,-2.5,78.55
1007,-162.63,0,-1,773.69
1008,-20.13,0,0,89.98
1009,-10.86,0,0,47.16
1010,-98.02,0,0,649.14
1011,-146.85,0,-1,1454
1012,-250.91,0,-2,1330.2
1013,-146.92,-0.5,-0.5,728.98
1014,-271.42,-4.85,-7.64,1807.58
1015,-342.97,-2.6,-7.7,1793.26
1016,-146.07,0,0,1274.83
1017,-149.92,0,-4.43,1101.92
1018,-169.75,-2.95,-13.64,1082.03
1019,-145.85,0,0,830.36
1020,-477.66,0,-2,3316.34
1021,-162.33,0,-3.5,1177.62
1022,-29.02,0,0,201.97
1023,-538.43,-1.25,-8.74,11060.49
1024,-812.35,-5.2,-23.78,3498.14
1025,-249.68,0,-5,1142.7
1026,-61.02,0,0,181.47
1027,-79.1,-0.35,-2.85,472.4
1028,-9.58,-0.45,-0.55,83.06
1029,-529.78,-2.8,-20.24,5097.35
1030,-56.78,0,0,658.87
1031,-122.59,0,0,1790.99
1032,-71.05,0,-2.65,775.59
1033,-248.25,0,-4.09,726.95
1034,-68.38,0,0,423.97
1035,-11.3,0,0,145.72
1036,-84.3,0,0,758.17
1037,-26.43,0,0,383.33
1038,-177.59,0,0,930.1
1039,-255.97,-0.45,-1.55,2334.11
1040,-354.3,0,-6.75,2427.17
1041,-284.77,0,0,1818.25
1042,-553.08,-0.25,-3.75,2231.83
1043,-226.98,0,0,517.29
1044,-68.45,-1.2,-3.7,310.88
1045,-473.23,-0.45,-0.55,2376.54
1046,-220.87,0,0,1912.21
1047,-89.27,0,-2,516.93
1048,-54.35,-0.85,-6.85,614.32
1049,-53.18,-0.35,-0.35,216.83
1050,-186.68,0,0,1534.46
1051,-195.46,0,-5.5,1320.1
1052,-31.05,0,-1,231.66
1053,-123.81,0,0,1294.23
1054,-82.74,0,0,469.57
1055,-154.22,0,0,842.37
1056,-422.84,0,0,2568.86
1057,-340.91,0,-3.25,3240.03
1058,-189.99,0,-6.99,1218.05
1059,-4.97,0,0,40.52
1060,-467.35,0,0,3406.32
1061,-136.44,0,0,694.14
1062,-211,-0.35,-0.35,870.35
1063,-410.68,0,0,1099.02
1064,-289.84,-5.25,-14.14,983.46
1065,-517.48,-0.25,-0.75,2200.98
1066,-255.46,-1.1,-13.76,1204.3
1067,-223.45,0,-2.5,1100.1
1068,-166.58,0,0,755.94
1069,-278.6,0,0,1437.72
1070,-418.86,-0.45,-1.55,2565.02
1071,-118,-0.4,-0.6,838.44
1072,-240.34,0,0,957.97
1073,-106.87,-0.45,-1.55,970.63
1074,-441.11,0,0,2077.97
1075,-232.98,-2.4,-3.7,857.13
1076,-182.89,0,-1,1326.53
1077,-0.87,0,0,6
1078,-391.14,0,-1,3238.49
1079,-106.16,0,-2.5,741.72
1080,-250.93,0,0,1372.45
1081,-545.6,-3.9,-10.15,4487.79
1082,-155.81,0,-3,538.36
1083,-108.23,0,-1,415.81
1084,-158.38,0,-1,1055.62
1085,-284.82,0,0,1502.1
1086,-119.68,-0.25,-4.25,558.63
1087,-364.92,-0.45,-3.55,1806.03
1088,-208.77,0,0,657.86
1089,-256.37,0,-2.5,1414.85
1090,-4.28,0,0,57.39
1091,-266.21,0,-0.99,3391.29
1092,-57.79,0,0,214.52
1093,-104.78,0,-1,511.28
1094,-330.81,-3.6,-7.2,1742.79
1095,-12.96,0,0,398.87
1096,-64.63,0,0,480.47
1097,-581.67,0,-2,4666.65
1098,-675.08,-10.92,-85.15,3190.25
1099,-141.58,0,0,505.14
1100,-7.64,0,0,159.88
1101,-19.33,0,0,134.84
1102,-401.13,-0.45,-0.55,1191.49
1103,-346.1,0,-2.5,2743.99
1104,-142.43,-0.25,-0.25,1041.97
1105,-28.29,0,0,57.23
1106,-8.43,0,0,163.81
1107,-141.65,0,0,456.97
1108,-23.62,0,0,72.93
1109,-251.99,0,-3.8,1329.8
1110,-90.72,-1.5,-27.98,484.83
1111,-881.67,-0.45,-7.55,6995.03
1112,-74.01,-0.75,-5.25,1008.22
1113,-422.56,-9.65,-22.85,2012.17
1114,-83.2,0,-2.69,277.29
1115,-93.27,-0.85,-1.85,1241.62
1116,-416.03,-0.3,-5.3,1766.68
1117,-252.57,0,-2.5,2010.03
1118,-56.46,0,0,443.4
1119,-282.24,-2.05,-3.65,1040.22
1120,-208.35,0,-0.5,1136.94
1121,-285.12,-2.05,-7.15,1098.04
1122,-98.24,-0.25,-2.75,842.83
1123,-348.77,0,-2,2037.02
1124,-137.37,0,0,548.36
1125,-22.49,0,0,119.15
1126,-251.69,0,0,1029.19
1127,-17.83,0,0,59.66
1128,-223.06,0,-2.5,1379.89
1129,-169.94,-4,-11.99,1279.29
1130,-873.86,-5.4,-48.38,3238.91
1131,-134.92,-1,-7,548.99
1132,-233.21,0,0,1061.3
1133,-92.27,0,0,488.2
1134,-281.47,0,-7.79,1835.7
1135,-49.21,0,-31.61,238.06
1136,-257.77,-0.35,-1.35,1064.29
1137,-118.54,0,0,873.29
1138,-396.31,0,0,1867.38
1139,-319.02,-1.05,-16.95,3571.8
1140,-9.95,0,0,21.99
1141,-62.25,0,0,250.32
1142,-734.67,-1.5,-15.48,5312.86
1143,-32.49,0,0,58.76
1144,-4.85,0,0,85.02
1145,-298.13,0,0,1452.68
1146,-733.41,-3.75,-15.93,2698.08
1147,-173.94,0,-2.5,1121.7
1148,-12.26,0,0,106.79
1149,-38.32,0,0,168.73
1150,-5.98,0,0,10.48
1151,-99.99,0,0,698.75
1152,-119.48,0,-1,789.06
1153,-167.18,0,0,720.83
1154,-386.11,-0.5,-4,1556.54
1155,-164.5,0,0,508.83
1156,-34.92,0,0,376.38
1157,-172.23,0,0,1601.78
1158,-295,0,-5,972.79
1159,-373.63,-0.9,-1.1,2774.58
1160,-435.21,0,0,2054.7
1161,-130.48,0,-4.99,649.08
1162,-85.58,0,-3.09,254.12
1163,-437.68,0,-1,2309.07
1164,-142.1,0,-3,1741.34
1165,-141.54,0,0,682.18
1166,-825.46,-42.3,-164.82,5133.21
1167,-349.45,-0.45,-2.55,2863.64
1168,-26.62,-0.5,-1.5,322.18
1169,-601.91,0,0,2456.87
1170,-5.05,0,0,52.46
1171,-26.07,0,0,259.18
1172,-193.51,0,0,1372.35
1173,-21.43,0,0,276.53
1174,-163.02,0,0,898.72
1175,-245.91,-0.25,-0.75,3023.75
1176,-36.31,0,0,79.6
1177,-0.84,0,0,14.95
1178,-466.22,0,-3,2029.72
1179,-449.28,-0.3,-2.8,2358.71
1180,-225.67,0,0,1250.34
1181,-245.88,-2.35,-5.75,1153.78
1182,-151.71,0,0,1413.35
1183,-56.23,-0.25,-4.04,158.78
1184,-146.1,0,0,665.82
1185,-54.07,0,0,326.86
1186,-190.39,-0.45,-2.55,1635.86
1187,-58.61,0,0,474.12
1188,-448.76,-1,-3.79,1270.36
1189,-64.82,0,0,441.04
1190,-179.29,-1.25,-5.75,1135.23
1191,-117.11,0,0,813.6
1192,-66.91,0,-2,456.01
1193,-847.24,-1.9,-26.54,3864.19
1194,-124.02,0,0,719.72
1195,-58.09,0,0,386.77
1196,-42.87,0,0,489.38
1197,-259.23,0,-3.19,2055.19
1198,-150.7,-1.45,-1.55,513.86
1199,-22.25,0,0,163.57
1200,-135.54,0,0,433.89
1201,-23.24,-1.65,-7.35,176.9
1202,-43.19,0,-13.98,200.77
1203,-364.39,-3.8,-13.39,2444.69
1204,-255.67,0,-1,889.41
1205,-560.3,-0.5,-2.5,2301.1
1206,-643.78,-2.15,-6.35,3164.84
1207,-82.17,-1.65,-7.15,304.47
1208,-57.17,0,0,299.66
1209,-7.62,0,0,112.71
1210,-35.67,0,0,172.73
1211,-423.39,-0.75,-3.25,4085.31
1212,-41.21,0,0,174.56
1213,-33.34,0,-1,400.09
1214,-9.14,0,0,63.2
1215,-46.97,0,0,309.02
1216,-445.84,0,-8,2430.82
1217,-226.18,0,0,991.31
1218,-148.45,-5.42,-13.08,984.86
1219,-44.87,0,0,273.67
1220,-105.44,0,-1,491.73
1221,-49.48,0,-0.75,400.25
1222,-581.35,-4.24,-25.74,3050.44
1223,-46.26,0,0,234.69
1224,-209.53,-1,-1,1169.37
1225,-82.9,0,0,484.33
1226,-482.51,0,-7.2,2022.64
1227,-118.23,0,0,876.96
1228,-768.22,-2.14,-132.28,5732.32
1229,-720.96,-4.25,-8.85,7857.88
1230,-11.5,0,0,109.35
1231,-162.91,-1.1,-3.2,660.45
1232,-70.91,0,0,260.39
1233,-217.92,-0.6,-6.59,1178.68
1234,-288.41,0,0,2159.17
1235,-35.85,0,0,289.39
1236,-337.77,0,0,2195.1
1237,-45.41,0,0,443.69
1238,-971.33,-10.95,-30.63,3390.11
1239,-235.66,0,-4.75,1058.24
1240,-295.15,0,-5.78,3258.4
1241,-108.96,0,0,502.66
1242,-201.44,0,0,676.79
1243,-1.2,0,0,65.73
1244,-48.85,0,0,272.47
1245,-262.56,-0.45,-2.55,1689.1
1246,-409.32,-0.25,-1.75,3160.23
1247,-448.51,-0.45,-9.43,2392.26
1248,-798.37,-4.15,-49.48,5353.99
1249,-8.4,0,0,66.58
1250,-1.02,0,0,11.92
1251,-44.85,0,-0.5,200.59
1252,-205.46,-7.19,-28.98,471.01
1253,-126.84,-0.45,-13.55,535.94
1254,-20.51,0,0,134.76
1255,-112.94,0,0,294.61
1256,-138.82,0,-2.5,2312.87
1257,-0.01,0,0,56.81
1258,-287.92,-0.5,-6,1062.75
1259,-115.7,0,0,550.35
1260,-479.66,0,-2,5682.73
1261,-218.47,-0.25,-2.75,1411.85
1262,-116.6,-0.5,-0.5,525.55
1263,-427.22,-0.75,-7.73,2856.4
1264,-463.07,-5.6,-19.4,2843.72
1265,-104.57,-1.7,-6.7,530.91
1266,-285.91,0,0,881.6
1267,-68.8,-0.5,-0.5,606.3
1268,-268.95,0,0,1565.97
1269,-230.27,0,-1,1206.13
1270,-84.91,0,0,941.15
1271,-202.62,0,0,1249.09
1272,-547.23,-4.25,-18.25,4462.78
1273,-2.06,0,0,123.58
1274,-423.88,0,-1,5531.29
1275,-18.66,0,0,137.63
1276,-50.66,0,0,483.32
1277,-475.8,-0.25,-14.74,2623.6
1278,-95.14,0,-1,304.54
1279,-266.68,0,0,1718.55
1280,-11.67,0,0,252.27
1281,-14.14,0,0,145.44
1282,-367.02,-0.25,-1.75,2081.67
1283,-26.36,-0.95,-1.05,117.59
1284,-107.04,0,-6.39,348.01
1285,-471.55,-1.6,-15.39,1641.16
1286,-95.45,0,0,494.99
1287,-244.34,-3.45,-5.35,1514.87
1288,-166.45,0,0,804.29
1289,-98.27,0,-2.5,607.7
1290,-127.45,-1.35,-2.65,367.71
1291,-189.25,-3.2,-8.8,1104.61
1292,-40.17,0,0,261.33
1293,-69.3,0,0,523.88
1294,-180.83,0,-3.79,1243.05
1295,-58.45,0,0,341.02
1296,-235.4,-1.25,-1.45,783.91
1297,-52.77,0,0,405.29
1298,-41.58,0,0,308.34
1299,-610.36,-17.9,-46.27,2353.48
1300,-63.9,-0.5,-7.49,256.61
1301,-128.93,0,-5.59,1055.33
1302,-27.18,0,0,178.02
1303,-270.78,0,-16.99,2340.21
1304,-103.92,0,0,292.01
1305,-636.9,0,-14.5,3609.14
1306,-158.63,0,0,945.66
1307,-58.18,0,0,825.05
1308,-56.69,0,0,290.63
1309,-21.2,0,0,128.72
1310,-62.15,0,-2.5,350.03
1311,-155.61,0,0,427.13
1312,-593.1,-21.45,-44.89,3422.22
1313,-33.47,0,0,227.28
1314,-667.84,0,0,6170.39
1315,-43.45,0,0,187.28
1316,-276.53,-0.45,-0.8,1578.44
1317,-497.25,-0.45,-6.05,2502.79
1318,-186.62,0,-3,1884.85
1319,-235.3,0,-7,624.83
1320,-37.12,0,0,113.9
1321,-154.84,0,-2.5,724.17
1322,-33.44,0,0,195.17
1323,-57.14,0,0,237.73
1324,-158.61,0,0,557.67
1325,-42.77,0,0,421.95
1326,-217.45,0,-1,1504.76
1327,-107.44,0,0,428.66
1328,-89.28,0,0,449.64
1329,-88.74,0,0,530.14
1330,-221.35,0,-0.99,1032.7
1331,-194.96,0,0,1214.32
1332,-101.82,0,0,742.57
1333,-257.13,0,-1.5,2361.21
1334,-18.33,0,0,117.57
1335,-46.04,0,-2,198.69
1336,-961.08,-0.5,-19.5,2532.42
1337,-1047.89,-1.1,-27.49,4240.34
1338,-39.94,0,0,189.92
1339,0,0,0,7.99
1340,-20.16,0,0,135.32
1341,-54.71,0,0,114.7
1342,-6.39,0,0,30.11
1343,-44.33,0,0,164.13
1344,-230.64,-7.24,-25.55,1196.55
1345,-118.17,0,-0.5,832.35
1346,-27.49,0,-2.1,272.82
1347,-93.04,0,-1,587.29
1348,-10.2,0,0,147.03
1349,-604.26,-0.7,-17.1,2614.89
1350,-294.05,0,0,1043.07
1351,-89.9,-0.9,-1.1,300.26
1352,-222.99,-0.45,-2.55,2292.46
1353,-288.27,0,0,1183.07
1354,-154.09,-0.5,-1.5,730.19
1355,-28.25,0,0,75.66
1356,-205.84,-0.45,-0.55,985.6
1357,-291.68,-4.4,-16.9,922.99
1358,-193.65,-0.5,-0.5,813.26
1359,-69.7,0,0,442.18
1360,-39.58,0,0,314.72
1361,-56.28,0,0,324.73
1362,-35.41,0,0,463.68
1363,-120.96,0,0,567.6
1364,-165.17,-2.55,-26.15,1128.47
1365,-37.41,-1.05,-1.05,94.09
1366,-236.14,0,0,1323.79
1367,-943.42,-9.2,-23.2,4595.99
1368,-49.67,0,0,520.39
1369,-203.34,0,-1,1371.96
1370,-585.64,0,0,3082.72
1371,-155.71,0,-2.59,553.87
1372,-116,0,-3.75,648.8
1373,-38.46,0,0,254.61
1374,-134.22,0,0,938.26
1375,-281.25,0,-1.75,1322.95
1376,-859.42,-28.8,-59.16,4264.46
1377,-43.48,-0.25,-0.25,351.69
1378,-428.93,0,-5,2651.58
1379,-749.33,-1.6,-5.1,3982.4
1380,-6.79,0,0,70.99
1381,-19.87,0,-1,57.32
1382,-431.09,0,0,2124.64
1383,-51.77,0,0,555.46
1384,-92.01,0,0,313.46
1385,-667.04,0,-5,3007.61
1386,-0.7,0,0,59.08
1387,-180.72,0,-1,860.68
1388,-423.18,-8.45,-23.35,3851.7
1389,-85.95,-0.45,-2.05,890.73
1390,-304.72,-0.45,-0.55,1035.78
1391,-919.74,-9.2,-14.2,3717.14
1392,-315.92,-4.05,-12.04,1379.25
1393,-245.6,-1.9,-5.1,2077.91
1394,-280.28,0,-4.5,1583.81
1395,-22.11,0,-1,215.3
1396,-1147.55,-1.95,-21.8,4426.41
1397,-323.8,-8.89,-20.39,1947.08
1398,-5.03,0,0,50.45
1399,-64.56,0,0,293.85
1400,-73.61,0,0,225.91
1401,-88.85,0,0,199.54
1402,-217.95,0,0,1429.42
1403,-156.03,-0.85,-11.24,2098.72
1404,-121.91,0,0,611.5
1405,-165.73,-0.45,-6.55,995.76
1406,-331.17,-0.4,-0.6,1899.09
1407,-12.7,0,0,174.91
1408,-48.87,0,-2,349.69
1409,-151.76,0,0,1214.52
1410,-328.04,-1.25,-3.45,1583.85
1411,-32.74,0,0,122
1412,-142.29,0,0,1033.42
1413,-24.12,0,-1,233.13
1414,-8.25,0,0,25.77
1415,-9.71,-0.25,-0.75,93.96
1416,-0.55,0,0,38.14
1417,-66.7,0,0,140.15
1418,-138.41,-1.7,-1.7,1077.4
1419,-1075.72,-21.65,-71.79,3772.76
1420,-326.63,-0.95,-7.12,1330.24
1421,-483.91,-2,-6.1,2026.64
1422,-24.67,0,0,66.86
1423,-94.11,0,0,573.43
1424,-43.87,0,0,173.93
1425,-537.4,-9.25,-37.66,1770.71
1426,-226.67,0,-1,1574.02
1427,-191.98,-2.4,-9.6,723.21
1428,-203.05,-1,-8.99,938.96
1429,-137.03,-7.2,-14.99,322.77
1430,-825.89,-1.84,-33.87,7194.25
1431,-134.15,0,0,1118.37
1432,-28.9,-1.5,-1.5,57.14
1433,-0.49,0,0,11.52
1434,-229.41,0,0,1659.5
1435,-69.28,0,0,248.02
1436,-10.36,0,0,55.02
1437,-663.62,-29.54,-86.92,2515.99
1438,-105.2,0,0,1085.28
1439,-58.46,0,0,278.71
1440,-178.61,0,-3.79,720.97
1441,-48.31,0,0,214.68
1442,-6.03,0,0,33.17
1443,-116.43,0,-2,1380.53
1444,-4.1,0,0,87.67
1445,-131.53,0,-3.5,1066.75
1446,-156.81,-1.9,-25.49,795.78
1447,-10.63,0,0,72.12
1448,-102.55,0,0,810.63
1449,-34.68,0,0,250.59
1450,-169.56,0,0,754.02
1451,-416.5,-8.95,-36.23,1900.96
1452,-112.83,0,-2,687.39
1453,-903.73,-1.5,-9.89,7439.33
1454,-79.07,0,0,244.97
1455,-138.14,-0.4,-0.6,820.18
1456,-169.32,0,0,897.13
1457,-117.9,0,0,310.22
1458,-260.29,-3,-10.29,1209.81
1459,-184.13,0,-1,1022.98
1460,-204.74,-4.75,-16.75,1218.06
1461,-392.41,0,-2,2827.41
1462,-348.05,-0.8,-6.09,1672.52
1463,-422.4,0,-119.95,2022.02
1464,-380.62,0,-6,1153.34
1465,-68.85,0,-2.25,574.98
1466,-83.02,0,0,761.06
1467,-125.83,0,0,476.54
1468,-254.13,0,-3,2352.56
1469,-66.48,0,0,418.67
1470,-124.03,0,-1,776.2
1471,-7.31,0,0,209.02
1472,-7.35,0,-2,84.53
1473,-204.76,0,-1,1593.28
1474,-19.16,0,0,151.75
1475,-796.76,-2.45,-4.89,4652.84
1476,-436.03,0,0,3934.22
1477,-29.05,0,0,203.23
1478,-25.33,0,0,62.39
1479,-382.53,-1.65,-11.35,3122.54
1480,-33.6,0,0,50.55
1481,-49.93,-1,-2.75,396.63
1482,-257.02,0,-1,954.56
1483,-421.74,0,-1.98,2125.95
1484,-215.33,-14.65,-23.4,1203.18
1485,-118.04,0,-1.99,1162.28
1486,-33.15,0,0,216.87
1487,-17.67,0,0,161.27
1488,-280.06,-0.9,-3.7,933.47
1489,-1571.64,-1.1,-18.1,6181.56
1490,-603.08,0,0,2388.01
1491,-301.17,-0.6,-1.1,2305.88
1492,-108.81,0,0,537.82
1493,-126.41,-0.7,-1.3,643.07
1494,-169.38,0,-0.75,1040.86
1495,-108.06,0,0,668.4
1496,-115.22,0,-4,617.52
1497,-28.17,0,0,214.57
1498,-79.76,-0.7,-2.35,493.88
1499,-218.23,-0.25,-3.25,730.33
1500,-101.12,0,0,615.97
1501,-423.34,0,-1,3245.74
1502,-243.52,-0.7,-15.89,1643.99
1503,-4.1,0,-2,21.4
1504,-31.68,0,0,66.33
1505,-237.63,-3.65,-8.75,1922.06
1506,-187.36,0,0,986.8
1507,-83.8,0,0,496.56
1508,-230.54,-0.75,-5.25,992.11
1509,-264.63,0,-0.25,2620.84
1510,-414.68,-0.4,-4.6,3690.72
1511,-275.42,-0.45,-4.39,1121.36
1512,-138.44,0,0,727.52
1513,-38.45,-0.25,-0.75,333.33
1514,-115.87,-6.25,-22.05,714.91
1515,-397.63,-4.45,-7.25,2523.43
1516,-13.01,0,0,68.1
1517,-284.91,0,-3.5,1174.23
1518,-167.35,0,0,817.14
1519,-81.17,-3.25,-13.24,416.04
1520,-288.44,-2.5,-4,1484.88
1521,-158.54,0,-3,546.51
1522,-72.08,0,0,403.14
1523,-338.52,0,-2.66,1613.68
1524,-184.14,-4.1,-11.2,783.83
1525,-0.84,0,0,8.41
1526,-244.82,0,0,1251.73
1527,-735.75,0,-11.49,6742.57
1528,-697.04,0,-2,3087.71
1529,-619.35,-10.31,-75.11,3472.89
1530,-48.37,0,0,411.07
1531,-89.58,0,-1,352.14
1532,-225.88,0,-13.84,1578.05
1533,-5.37,0,0,78.53
1534,-256.5,-9.44,-27.84,2151.63
1535,-396.47,0,0,2112.93
1536,-390.82,-0.5,-1.5,3221.27
1537,-184.4,0,-2,1616.33
1538,-92.44,-0.25,-1.25,477.35
1539,-1.27,0,0,6
1540,-248.98,0,-2.5,1246.97
1541,-304.47,-16.25,-51.24,2811.89
1542,-181.28,0,-1,910.51
1543,-345.26,0,0,1447.57
1544,-248.37,0,-2,1798.76
1545,-223,-0.55,-2.55,1457.04
1546,-212.97,-0.4,-2.4,1006.46
1547,-50.52,-0.35,-5.19,535.38
1548,-537.39,-1.6,-6.7,2523.68
1549,-145.44,-1.3,-7.65,877.98
1550,-294.68,0,0,1540.13
1551,-118.03,0,0,772.96
1552,-69.05,-1.5,-6,508.42
1553,-7.88,0,0,66.43
1554,-89.74,0,0,669.31
1555,-152.37,-1.6,-3.65,589.59
1556,-477.5,-8.35,-16.33,1821.57
1557,-276.77,-1.75,-5,2792.55
1558,-182.96,0,0,1790.67
1559,-46.23,0,-1,621.53
1560,-84.13,0,0,220.53
1561,-41.93,0,0,299.15
1562,-102.71,0,0,357.97
1563,-357.54,0,0,1936.31
1564,-72.12,0,0,339.97
1565,-43.81,0,-15.36,180.71
1566,-25.7,0,0,276.53
1567,-105.26,0,0,946.18
1568,-427.93,-0.25,-3.25,1585.64
1569,-175.42,-0.5,-0.5,845.31
1570,-355.42,0,-1,1217.49
1571,-41.87,0,0,392.61
1572,-117.66,-0.5,-2.99,875.53
1573,-33.95,0,-15.99,260.03
1574,-599.76,0,0,1353.06
1575,-36.27,0,0,139.02
1576,-73.89,0,0,186.05
1577,-319.63,0,0,1815.34
1578,-212.29,-0.5,-3,1268.38
1579,-962.19,-0.5,-3,5141.49
1580,-22.16,0,0,84.22
1582,-156.78,0,0,1481.98
1583,-25.12,0,0,144.55
1584,-286.88,-0.7,-1.3,2660.93
1585,-343.38,-0.7,-3.3,2995.61
1586,-83.9,0,0,1088.63
1587,-42.74,-0.35,-3.93,261.9
1588,-245.39,-0.5,-3.5,2385.12
1589,-32.73,0,0,231.53
1590,-537.07,-1.75,-6.74,3808.72
1591,-146.95,-2.8,-7,922.52
1592,-37.63,-0.5,-0.5,309.36
1593,-158.17,-1.9,-5.9,861.19
1594,-122.31,0,-2.5,611.8
1595,-360.98,0,-1,3128.39
1596,-51.63,-1.8,-2.9,356.32
1597,-45.71,0,-1.25,315.07
1598,-351.4,-0.4,-0.65,2040.5
1599,-341.76,0,0,2013.79
1600,-94.93,0,0,444.05
1601,-139.51,0,-1,858.06
1602,-326.68,-0.9,-1.1,2762.26
1603,-21.42,0,0,95.24
1604,-28.1,0,0,196.54
1605,-119.39,-18.78,-33.74,379.45
1606,-137.5,0,0,674.22
1607,-937.28,0,-20,1549.53
1608,-144.42,0,-2.5,384.94
1609,-1025.93,-12.45,-37.58,10837.88
1610,-15.15,-0.5,-0.5,112
1611,-6.06,0,0,43.58
1612,-369.84,-4.35,-12.64,3467.1
1613,-307.21,-0.35,-5.35,2455.06
1614,-12.31,0,0,145.51
1615,-122.23,-2.1,-6.1,590.71
1616,-74.49,0,-2,334.43
1617,-354.46,0,0,1837.75
1618,-147.66,-15.7,-39.5,1543.28
1619,-231.54,-0.5,-1.5,1367.72
1620,-943.93,-1.9,-4.9,3276.96
1621,-164.25,-2.25,-2.95,937.65
1622,-429.12,0,-1,1583.96
1623,-83.97,0,0,408.1
1624,-10.22,0,0,102.1
1625,-10.56,-1.8,-2.2,71.09
1626,-0.58,0,0,2
1627,-75.17,0,0,385.27
1628,-21.94,0,0,161.1
1629,-19.13,0,0,117.08
1630,-446.62,-1,-21.37,3522.97
1631,-955.87,-1.8,-11.5,3871.81
1632,-168.18,0,0,1109.7
1633,-618.56,-20.45,-33.95,3513.87
1634,-591.25,-0.95,-8.55,2873.25
1635,-3.92,0,0,38.92
1636,-1.31,0,0,16.3
1637,-285.2,0,0,466.39
1638,-53.6,0,0,177.22
1639,-183.65,0,0,983.08
1640,-377.69,-0.3,-3.5,2373.43
1641,-51.25,0,-7.99,226.14
1642,-214.66,-1.85,-3.85,1049.34
1643,-153.57,0,0,640.59
1644,-40.55,0,0,134.08
1645,-60.6,0,0,243.41
1646,-127.37,0,0,1265.08
1647,-6.89,0,0,27.78
1648,-200.21,0,0,881.28
1649,-31,0,0,260.65
1650,-132.89,0,0,600.73
1651,-74.52,0,0,550.88
1652,-62.21,0,0,441.79
1653,-1571.58,-1.65,-7.54,7030.48
1654,-36.6,-0.45,-3.45,444.82
1655,-54.76,0,0,355.13
1656,-4.39,0,0,54.05
1657,-11.56,0,0,147.22
1658,-145.5,-1,-2,809.01
1659,-129.27,0,-1.99,555.14
1660,-353.49,0,-2.5,1369.68
1661,-46.51,0,0,600.44
1662,-617.14,0,0,3658.32
1663,-13.08,0,0,322.47
1664,-46.38,0,-2,158.49
1665,-153.1,0,-1,784.47
1666,-48.53,0,0,532.46
1667,-206.55,-0.45,-3.55,671.09
1668,-57.99,0,0,920.73
1669,-3.2,0,0,26.81
1670,-5.36,0,0,48.67
1671,-119.51,0,0,755.1
1672,-178.72,0,-3.5,908.95
1673,-487.55,-1.25,-14.74,2677.2
1674,-69.39,0,0,105.69
1675,-717.05,-1.35,-29.6,2199.63
1676,-266.62,-0.85,-1.15,1875.62
1677,-720.28,-0.85,-8.95,5266.36
1678,-260.27,0,-1,1864.51
1679,-32.06,0,0,181.65
1680,-177.25,-0.45,-10.79,650.54
1681,-224.07,0,-1,1364.52
1682,-21.41,0,0,64.99
1683,-111.94,0,-4.5,913.94
1684,-25.83,0,0,263.19
1685,-84.49,0,0,588.42
1686,-79.73,-0.3,-2.3,436.15
1687,-311.52,-7.55,-94.89,1665.36
1688,-45.48,0,-2,269.15
1689,-141.93,0,0,651.65
1690,-91.57,0,-1,571.03
1691,-163.15,0,-2,955.36
1692,-177.21,0,-2,561.06
1693,-386.37,-4.55,-13.95,2874.88
1694,-570.28,-4.3,-38.74,2582.56
1695,-110.42,0,0,726.9
1696,-121.47,0,-0.75,1136.16
1697,-37.67,0,0,243.53
1698,-53.69,0,0,277.18
1699,-52.3,0,0,163.28
1700,-86.64,0,0,331.21
1701,-35.42,0,0,457.74
1702,-35.34,0,0,193.94
1703,-134.88,0,-2,754.8
1704,-36.92,0,0,102.98
1705,-99.42,0,-2,583.14
1706,-21.64,0,-9.78,90.82
1707,-601.88,-7.45,-33.23,3845.39
1708,-562.57,-0.9,-1.1,1710.48
1709,-158.03,-2.3,-5.9,623.21
1710,-1091.67,-0.5,-10.5,5854.04
1711,-116.26,0,-2.49,513.35
1712,-47.91,0,0,327.47
1713,-39.08,0,0,281.52
1714,-20.33,0,0,115.7
1715,-64.45,0,0,480.81
1716,-174.53,-0.45,-7.55,1147.07
1717,-288.97,-0.5,-0.5,617.43
1718,-74.57,0,0,412.41
1719,-248.45,0,-2.5,1366.4
1720,-228.6,-1.75,-2.85,1906.07
1721,-0.79,0,0,2.39
1722,-1788.93,-10.37,-76.3,5629.45
1723,-119.98,0,0,1281.96
1724,-192.63,0,-3,1417.06
1725,-37.49,0,0,476.77
1726,-280.37,-9.95,-63.16,2641.3
1727,-6.39,0,0,149.01
1728,-0.88,0,0,58.28
1729,-391.55,-0.4,-4.4,2146.43
1730,-28.22,0,0,1514.18
1731,-463.12,-1.35,-6.67,1477.1
1732,-213.31,-0.85,-3.85,1534.8
1733,-42.06,0,0,505.27
1734,-7.31,0,0,43.03
1735,-99.07,-0.5,-0.5,912.19
1736,-42.13,0,0,178.36
1737,-25.05,0,0,54.37
1738,-274.42,-0.35,-0.35,514.75
1739,-62.74,0,0,283.68
1740,-189.29,0,-1.5,1444.03
1741,-22.71,0,-3,94.29
1742,-115.03,0,0,956.94
1743,-134.85,-0.25,-4.73,645.03
1744,-42.56,0,-2.5,572.91
1745,-234.19,0,0,1374.79
1746,-202.72,0,-1,1056.36
1747,-279.47,0,-4.5,1437.07
1748,-383.7,-1,-3,1285.15
1749,-180.11,-1.4,-3.5,1629.55
1750,-59.48,0,0,276.43
1751,-74.94,0,-1,482.05
1752,-438.6,-1.2,-3.2,1924.94
1753,-156.32,-0.25,-3.5,1093.45
1754,-485.19,-7.75,-34.04,1363.14
1755,-53.93,0,0,531.7
1756,-382.95,0,-3,2524.89
1757,-41.54,0,0,218.69
1758,-33.58,0,0,207.22
1759,-200.68,0,0,955.94
1760,-24.04,0,0,214.88
1761,-63.94,0,0,396.7
1762,-1051.28,-1.25,-29.82,5382.65
1763,-44.32,0,0,470.32
1764,-287.9,-4.95,-10.95,2013.15
1765,-141.5,0,-1,887.68
1766,-14.64,0,0,66.26
1767,-904.3,-0.95,-3.05,4007.14
1768,-67.07,0,0,252.39
1769,-495.09,-0.45,-0.55,3019.25
1770,-769.9,-20.35,-139.11,5345.87
1771,-23.79,0,0,208.27
1772,-282.28,0,-1,1710.5
1773,-178.32,-5.2,-15,1608.63
1774,-317.94,-2.95,-9.35,1907.21
1775,-446.08,-1.88,-14.49,2714.77
1776,-404.12,-1,-9.25,2667.24
1777,-79.16,0,0,633
1778,-433.95,0,-13.35,3956.44
1779,-441.26,-3.25,-6.5,1308.5
1780,-138.39,0,0,1105.31
1781,-202.54,0,0,1494.33
1782,-73.83,-0.5,-4.5,908.05
1783,-205.68,0,-5,1143.32
1784,-130.46,0,0,988.97
1785,-95.01,0,0,273.12
1786,-12.28,0,0,126.47
1787,-167.18,0,0,616.61
1788,-199.55,0,-1.75,2987.51
1789,-10.89,0,0,133.05
1790,-64.28,0,0,484.84
1791,-141.06,0,-3,847.07
1792,-503.12,0,-5,2337.51
1793,-147.11,-0.5,-1.5,669.77
1794,-170.92,-3.35,-7.75,1274.74
1795,-1061.85,-4.45,-49.66,3475.13
1796,-109.67,0,0,937.32
1797,-568.31,-1.5,-2.5,1984.84
1798,-212.49,0,-2.5,957.05
1799,-9.05,0,0,196.89
1800,-177.23,0,-1,1354.34
1801,-47.95,0,-5,251.54
1802,-176.95,0,0,1281.26
1803,-696.67,0,-1.99,7672.69
1804,-652.82,-1.75,-19.09,3721.4
1805,-15.45,0,0,421.52
1806,-333.07,0,0,1519.43
1807,-616.84,0,-3,3656.91
1808,-69.12,0,-1,569
1809,-115.85,-0.5,-3,552.29
1810,-83.84,0,-1,1450.57
1811,-74.62,0,0,367.46
1812,-85.95,0,-2,422.68
1813,-1.62,0,0,3.55
1814,-204.92,0,-9.99,1783.42
1815,-120.91,0,-2,650.92
1816,-270.07,-7.6,-50.17,1802.16
1817,-22.68,0,0,129.64
1818,-194.13,0,-2,960.48
1819,-60.1,0,0,311.31
1820,-85.43,0,0,888.47
1821,-100.69,0,0,603.68
1822,-387.38,0,0,2267.75
1823,-811.4,-9.05,-42.4,4119.08
1824,-379.67,-0.25,-5.75,1149.63
1825,-181.26,0,0,1036.11
1826,-257.04,0,0,1019.16
1827,-2.38,0,0,23.55
1828,-569.65,-1.9,-8.9,5333.92
1829,-350.78,-1.5,-2.5,2860.51
1830,-10.19,0,0,39.44
1831,-343.11,-8.15,-25.74,1676.8
1832,-182.97,-0.95,-1.05,733.17
1833,-350.16,-2.15,-11.65,1336.21
1834,-322.46,0,-7,1701.75
1835,-544.64,0,-17.45,4313.44
1836,-191.69,0,0,1800.82
1837,-283.47,-0.95,-8.54,1186.35
1838,-163.37,0,0,463.38
1839,-56.02,0,0,508.35
1840,-0.29,0,0,4.99
1841,-108.95,-0.5,-0.5,840.12
1842,-58.09,-0.25,-0.75,658.76
1843,-24.17,0,0,207.2
1844,-41.28,0,-3.54,517.62
1845,-839.7,-1.3,-3.89,6977.75
1846,-69.98,0,-2.5,123.99
1847,-187.07,0,-2.5,968.88
1848,-353.31,-1.15,-8.25,5305.07
1849,-387.04,-0.45,-13.53,1222.37
1850,-247.2,-0.85,-0.85,2658.33
1851,-64.33,0,0,403.79
1852,-780.94,-0.75,-1.95,6220.95
1853,-5.54,0,0,90.85
1854,-404.01,0,0,3635.69
1855,-5.06,0,0,48.83
1856,-260.4,-1.6,-14.35,1995.77
1857,-60.93,0,0,560.31
1858,-113.93,-0.8,-4.8,880.31
1859,-128.6,0,0,956.76
1860,-92.98,-1,-2.59,495.74
1861,-170.18,-0.25,-8.25,729.77
1862,-251.17,0,-7.5,1251.15
1863,-111.13,0,0,405.46
1864,-564.08,-2.25,-12.75,6795.04
1865,-295.45,-1.25,-4.35,3235.23
1866,-10.63,0,0,59.07
1867,-164.76,-0.75,-4.5,682.04
1868,-137.99,0,0,322.15
1869,-471.27,-5.35,-26.19,1610.6
1870,-30.43,0,0,94.65
1871,-15.89,0,0,241.84
1872,-172.4,-0.5,-9.5,1354.29
1873,-416.44,0,-4.5,2138.02
1874,-42.82,0,-9.99,446.58
1875,-5.81,0,0,182.16
1876,-0.8,0,0,35.42
1877,-132.13,0,0,760.47
1878,-63.32,0,-3,338.5
1879,-282.66,-1.15,-3.75,1847.07
1880,-88.73,0,0,389.83
1881,-145.63,0,0,1029.31
1882,-52.08,0,0,318.41
1883,-231.01,-0.95,-6.45,1227.28
1884,-0.79,0,0,1
1885,-0.71,0,0,18.5
1886,-52.93,-0.3,-1.5,273.5
1887,-28.35,0,-5,226.05
1888,-15.15,0,0,120.64
1889,-155.99,-3.9,-17.21,969.04
1890,-54.24,0,-3,598.74
1891,-72.95,-0.5,-2.5,460.34
1892,-454.69,-0.9,-1.1,2278.28
1893,-0.8,0,0,34.78
1894,-80.95,0,0,451.42
1895,-72.81,0,-4,604.1
1896,-95.62,0,0,576.03
1897,-0.98,0,0,19.58
1898,-183.05,0,0,432.74
1899,-735.88,-10.4,-35.94,4593.78
1900,-217.1,0,0,2250.41
1901,-961.08,-0.75,-17.25,5618.6
1902,-197.13,-0.6,-9.65,983.36
1903,-143.11,-0.4,-0.4,551.03
1904,-32.73,0,0,195.75
1905,-124.31,0,-1.5,1056.12
1906,-468.64,-0.25,-2.15,3301.08
1907,-710.94,-6.75,-37.81,3467.67
1908,-41.42,0,0,297.47
1909,-43.97,0,0,198.13
1910,-59.73,0,-0.75,525.25
1911,-97.21,0,0,540.9
1912,-225.56,-0.5,-1.5,1308.85
1913,-48.25,0,0,312.04
1914,-187.14,0,0,2294.28
1915,-38.51,0,0,446.39
1916,-234.45,0,-2,1214.55
1917,-587.7,-0.65,-16.19,3338.81
1918,-467.49,-5.3,-16.3,2183.75
1919,-381.44,-1.5,-28.13,1604.99
1920,-90.74,0,0,859.34
1921,-220.89,-0.4,-2.9,514.58
1922,-94.28,0,0,1022.7
1923,-239.27,-6.15,-12.15,1716.97
1924,-406.6,0,-5,1927.3
1925,-169.5,0,0,1995.96
1926,-305.23,0,-4.19,756.42
1927,-318.69,0,0,1802.07
1928,-287.42,-5.25,-20.6,1113.75
1929,-382.16,0,-3,2045.6
1930,-218.83,-0.3,-2.8,1269.66
1931,-241.83,-0.3,-2.8,843.42
1932,-49.14,0,0,581.25
1933,-152.8,0,0,922.91
1934,-112.84,0,0,474.73
1935,-383.66,-18.23,-93.7,4057.29
1936,-302.06,-0.25,-8.75,2076.04
1937,-439.35,-1.9,-9.2,2767.24
1938,-42.26,0,0,370.81
1939,-228.29,0,0,1253.04
1940,-213.93,-1,-4,1347.73
1941,-77.56,0,0,327.4
1942,-87.7,0,0,996.89
1943,-509.91,-0.25,-1.75,3189.66
1944,-461.43,-0.6,-9.77,3981.67
1945,-21.55,0,0,220.75
1946,-147.05,0,0,839.43
1947,-255.59,0,0,1984
1948,-20.31,0,0,133.1
1949,-23.91,0,0,101.91
1950,-22.83,0,0,120.78
1951,-37.33,0,0,227.22
1952,-44.31,0,0,150.76
1953,-183.19,-0.4,-1.9,982.09
1954,-96.82,0,0,680.48
1955,-574.53,-6.9,-19.4,3107.1
1956,-87.59,-0.25,-0.75,746.69
1957,-60.42,0,0,405.72
1958,-59.43,-1.3,-2.3,281.89
1959,-402.75,-1.4,-12.6,1815.73
1960,-252.22,-0.25,-0.25,945.36
1961,-209.17,0,-1.34,704.42
1962,-99.65,-1,-2.5,901.97
1963,-164.72,-1.45,-7.55,1227.22
1964,-153.24,0,-12.67,698.74
1965,-258.63,-1.6,-15.74,1576.6
1966,-331.59,0,-2,1764.54
1967,-79.76,-0.45,-0.55,423.39
1968,-169.04,0,0,844.74
1969,-156.51,0,0,719.84
1970,-42.36,0,0,210.71
1971,-575.59,-1.4,-6.29,4339.05
1972,-201.87,-3.5,-3.5,1197.35
1973,-153.35,-0.85,-1.85,1649.04
1974,-536.43,-0.25,-13.24,3275.94
1975,-467.79,-20.59,-84.6,6755.36
1976,-232.18,-2,-7.74,1647.08
1977,-16.67,0,0,47.02
1978,-93.88,-0.75,-4.25,874.49
1979,-151.87,-1.16,-22.8,602.3
1980,-334.22,0,-0.75,1871.49
1981,-167.32,-0.35,-1.35,606.57
1982,-214.17,0,0,1918.78
1983,-226.96,-0.25,-1.75,1594.96
1985,-290.85,0,-2,2162.56
1986,-26.18,0,-2,136.32
1987,-159.8,0,0,393.33
1988,-472.41,-1.35,-39.94,2805.68
1989,-253.04,-1,-3.5,1084.05
1990,-276.61,-8.75,-22.45,1419.08
1991,-16.73,0,0,132.17
1992,-50.43,-0.4,-0.6,209.72
1993,-165.17,-1.5,-2.5,605
1994,-107.23,-0.5,-1,418.79
1995,-741.03,-0.5,-8.75,4782.56
1996,-176.34,-0.35,-0.35,1155.16
1997,-163.47,-0.45,-2.55,1411.09
1998,-221.02,0,0,928.82
1999,-69.34,0,0,323.49
2000,-86.58,0,-2.5,259.85
2001,-124.77,0,0,618.77
2002,-275.57,0,-1,974.54
2003,-35.22,-2.8,-3.5,357.6
2004,-555.87,-19.35,-52.72,3512.08
2005,-91.98,0,-2.5,355.61
2006,-485.38,-6.2,-18.9,1920.14
2007,-408.63,-1.05,-4.55,3064.03
2008,-92.25,-3.05,-4.25,637.98
2009,-294.23,-0.35,-5.9,1506.88
2010,-119.66,0,0,764.55
2011,-69.84,0,0,425.9
2012,-558.63,-1.65,-16.63,2627.2
2013,-158.89,-0.45,-2.55,821.83
2014,-162.05,0,-1,891.04
2015,-338.76,-4.45,-9.44,2438.8
2016,-224.24,0,-1,896.54
2017,-351.33,0,-1,1575.47
2018,-141.54,0,0,773.16
2019,-385.64,-2.5,-17.5,2057.72
2020,-368.54,0,-1,2961.65
2021,-152.79,0,-1,766.13
2022,-430.39,0,-4,2900.76
2023,-127.94,0,-5.88,363.22
2024,-265.48,-2,-28.05,2190.26
2025,-41.68,0,0,551.78
2026,-256.66,0,0,475.52
2027,-174.63,0,0,650.07
2028,-156.3,0,0,1025.57
2029,-79.53,0,0,354.67
2030,-164.71,-2.4,-12.89,939.54
2031,-15.66,0,0,71.64
2032,-68.58,0,-1,802.52
2033,-67.53,0,0,584.6
2034,-118.22,0,0,716.02
2035,-200.57,-0.35,-2.35,795.92
2036,-89.13,0,0,896.19
2037,-145.19,0,0,984.48
2038,-78.93,0,0,319.68
2039,-273.58,-0.25,-1.5,1086.12
2040,-424.73,0,-61.33,1990.31
2041,-189.52,0,0,1108.13
2042,-382.84,-4.45,-18.73,2104.17
2043,-106.98,0,0,527.61
2044,-82.07,0,0,649.11
2045,-16.11,0,0,128.75
2046,-48.52,0,0,413.18
2047,-313.38,0,-5,1760.03
2048,-27.07,-0.35,-0.35,183.72
2049,-128.8,0,-18.59,539.51
2050,-544.19,0,0,2947.04
2051,-571.88,-2.1,-12.87,4871.51
2052,-15.03,0,0,48.88
2053,-196.41,0,0,1330.46
2054,-70.72,0,0,89.33
2055,-24.96,0,0,236.47
2056,-133.82,0,-3.59,931.08
2057,-330.32,-1.65,-6.15,1140.62
2058,-196.85,-0.5,-0.5,2835.17
2059,-218.1,0,0,976.17
2060,-16.17,0,0,115.65
2061,-27.95,0,-14.99,147.56
2062,-1270.37,-8.95,-21.38,3860.22
2063,-276.55,-0.45,-0.55,1385.87
2064,-100.17,0,0,903.08
2065,-145.17,0,0,660.42
2066,-350.75,-1.45,-4.95,1267.99
2067,-14.95,0,0,108.65
2068,-236.94,-1.65,-8.75,877.28
2069,-162.48,-0.3,-0.3,897.53
2070,-252.29,0,0,1196.3
2071,-131.17,0,0,438.87
2072,-53.86,-1,-3,240.96
2073,-490.61,-0.5,-3.5,1642.15
2074,-91.52,-1.35,-2.85,487.07
2075,-148.02,-0.4,-1.4,715.79
2076,-561.21,-2.1,-24.3,4455.76
2077,-91.3,0,0,766.86
2078,-338.93,-1.6,-4,1909.09
2079,-488.94,0,0,2791.43
2080,-522.51,-0.5,-4,3617.55
2081,-127.47,0,0,620.4
2082,-409.72,-0.45,-8.29,1916.93
2083,-500.4,-6,-33.85,3574.23
2084,-75.39,0,0,573.69
2085,-973.29,-1.75,-14.84,4050.93
2086,-248.23,-0.25,-2.95,1655.74
2087,-835.9,0,-3.5,3149.02
2088,-334.59,0,-2.5,1549.04
2089,-13.64,0,0,70.28
2090,-143.27,0,-1,488.34
2091,-72.51,0,0,336.87
2092,-271.43,-13.95,-33.8,1636.72
2093,-50.73,0,-5,143.11
2094,-235.8,0,0,1018.03
2095,-206.78,-0.4,-1.85,1152.99
2096,-133.52,0,0,417.81
2097,-908.54,0,-3.74,4808.78
2098,-24.04,-0.4,-0.4,132.4
2099,-6.01,0,0,149.86
2100,-455.07,-0.4,-0.4,1090.58
2101,-9.86,0,0,41.69
2102,-208.71,-0.4,-0.6,743.73
2103,-35.55,0,0,198.73
2104,-33.36,0,0,92.25
2105,-156.8,0,-1,791.99
2106,-219.96,0,0,2563.66
2107,-305.44,0,-1,1220.81
2108,-156.92,0,0,529.52
2109,-88.35,0,0,532.25
2110,-484.27,-0.45,-38.16,6100.81
2111,-764.86,-34.7,-119.31,1382.24
2112,-444.65,0,-5,1691.23
2113,-84.86,0,0,402.37
2114,-188.05,-7.1,-22.07,1488.61
2115,-632.97,-23.54,-48.99,6050.62
2116,-1044.06,-5.55,-13.45,5884.15
2117,-104.58,0,-14.89,423.01
2118,-71.32,0,0,378.32
2119,-153.91,-10.7,-20.8,462.86
2120,-40.76,0,0,293.45
2121,-330.84,-2.4,-13.1,2187.14
2122,-4.32,0,0,63.77
2123,-170.4,0,-1,1007.24
2124,-458.13,-8.85,-50.8,3389.31
2125,-28.33,0,0,197.77
2126,-196.77,0,0,1780.5
2127,-110.68,0,-4,480.09
2128,-146.25,0,-4.25,1658.7
2129,-467.75,0,-10.09,2701.67
2130,-275.07,-5.25,-6.35,1569.27
2131,-281.38,-0.25,-4.75,1619.68
2132,-11.27,0,0,89.9
2133,-289.57,0,0,2365.99
2134,-592.31,-0.6,-8.6,3460.17
2135,-55.14,0,-1,434.11
2136,-6.14,0,0,33.68
2137,-159.54,0,0,851.67
2138,-184.48,-3.7,-15.8,963.06
2139,-174.03,0,-9,1406.53
2140,-0.01,0,0,7.07
2141,-341.81,0,-6.99,2172.8
2142,-360.34,-0.4,-0.4,2945.89
2143,-51.32,0,0,114.82
2144,-67.7,0,0,512.17
2145,-66.84,0,-1,672.14
2146,-133.01,0,-1.29,951.84
2147,-353.62,0,-7.41,1533.37
2148,-467.49,-2.9,-10,1688.12
2149,-359.46,0,-13,1123.8
2150,-8.37,0,0,52.12
2151,-70.66,0,0,319.48
2152,-9.35,0,0,66.08
2153,-47.64,-0.4,-0.4,127.95
2154,-58.22,0,0,255.55
2155,-42.34,0,0,165.84
2156,-351.1,-1.45,-12.55,2305.24
2157,-149.9,0,-2,243.51
2158,-215.87,-7.1,-21.6,1234.28
2159,-156.2,0,0,806.1
2160,-48.86,-0.5,-0.5,225.59
2161,-34.32,0,0,624.32
2162,-320.15,-5.25,-130.63,4528.11
2163,-9.96,0,0,88.1
2164,-524.97,-0.6,-14.09,1176.19
2165,-0.8,0,0,2.79
2166,-10.81,0,0,65.08
2167,-281.33,0,-5,1219.59
2168,-782.49,-2.9,-25.85,2602.1
2169,-60.15,0,0,228.01
2170,-672.95,0,-7.1,2791.86
2171,-112.41,-7.55,-21.23,1172.13
2172,-65.95,0,0,624.05
2173,-55.85,0,0,328.98
2174,-99.78,-0.4,-2.4,307.57
2175,-38.39,0,0,274.73
2176,-324.72,0,-7.04,1780.73
2177,-11.95,0,0,91.26
2178,-197.34,0,-3,1654.1
2179,-104.93,0,0,573.88
2180,-93.09,0,0,433.28
2181,-38.11,0,0,414.44
2182,-143.48,0,0,1063.66
2183,-283.46,-0.5,-3,931.05
2184,-423.42,0,0,3048.91
2185,-431.71,-3.5,-26.1,5081.54
2186,-197.02,-0.6,-1.6,1725.58
2187,-519.8,0,-4,1503.02
2188,-156.9,0,0,1047.16
2189,-58.15,0,0,371.04
2190,-812.85,-0.75,-6.66,3675.11
2191,-27.19,0,0,155.29
2192,-17.62,-0.25,-0.75,389.2
2193,-553.06,-0.45,-3.55,4500.72
2194,-490.25,0,-6.99,3315.38
2195,-84.3,-0.3,-1.3,374.82
2196,-212.82,0,0,538.24
2197,-93.92,-0.3,-0.3,401.91
2198,-369.01,-5.55,-19.19,1880.92
2199,-498.48,-1.95,-8.3,2555.78
2200,-969.93,-3.1,-16.7,4093.68
2201,-7.93,0,0,27.51
2202,-34.3,0,0,111.28
2203,-185.36,0,0,2238.84
2204,-371.22,-0.75,-6.75,1194.92
2205,-333.47,0,-3,1329.45
2206,-23.63,0,0,147.36
2207,-406.62,0,-4.75,2231.53
2208,-836.27,-0.5,-5.5,5308.45
2209,-360.19,0,0,3481.66
2210,-98.11,0,0,704.97
2211,-75.91,0,0,510.03
2212,-19.58,0,0,155.42
2213,-492.09,-0.7,-5.9,3007.12
2214,-8.19,0,0,107.83
2215,-181.73,0,0,844.9
2216,-11.61,0,0,83.67
2217,-486.64,-0.35,-1.65,2134.8
2218,-162.47,0,0,420.2
2219,-20.3,0,0,961.67
2220,-49.61,0,-13,190.54
2221,-229.46,0,0,850.4
2222,-190.11,-2.5,-10.87,1133.29
2223,-331.11,0,-3.44,1791.61
2224,-448.8,0,-0.75,1757.33
2225,-153.94,0,-5,1324.01
2226,-215.74,-2.75,-18.25,2452.68
2227,-565.3,0,-6,2398.73
2228,-364.33,0,0,2753.82
2229,-10.67,0,0,149.27
2230,-35.81,0,0,407.8
2231,-230.3,-3.75,-19.69,2254.69
2232,-111.94,0,-22.34,484.87
2233,-429.61,-0.45,-6.1,3769.69
2234,-527.3,0,-9.75,3103.95
2235,-185.53,0,0,1481.59
2236,-220.21,0,-1,1515.36
2237,-439.3,-2.8,-20.89,1857.48
2238,-96.51,0,-7.08,664.46
2239,-172.55,-2,-4.25,724.36
2240,-417.88,0,-3.69,2580.64
2241,-132.28,0,0,403.98
2242,-104.57,0,0,492.68
2243,-136.78,0,0,750.13
2244,-643.57,0,-11.99,2339.22
2245,-209,-0.45,-2.55,1416.97
2246,-16.39,0,0,134
2247,-387.18,0,0,1699.9
2248,-18.88,0,0,111.2
2249,-33.51,0,0,181.51
2250,-261.54,0,0,801.76
2251,-173.34,0,-2,783.62
2252,-925.15,-1.05,-10.65,2464.96
2253,-58.7,0,0,260.61
2254,-99.13,0,0,653.68
2255,-80.04,0,0,371.27
2256,-29.44,0,0,197.58
2257,-18.51,0,0,293.09
2258,-74.07,-0.4,-0.4,619.72
2259,-5.13,0,0,6.99
2260,-444.64,-1.4,-2.6,4654.33
2261,-594.62,-0.5,-5,5005.15
2262,-87.95,0,-3.29,647.43
2263,-644.48,0,-2,3468.08
2264,-829.59,-2.35,-3.65,6620.28
2265,-5.45,0,0,77.44
2266,-361.68,0,0,2842.57
2267,-112.75,0,0,609.37
2268,-65.44,0,0,429.18
2269,-342.58,-0.6,-1.6,1081.63
2270,-571.55,-0.6,-0.6,2122.78
2271,-51.63,-0.9,-0.9,126.38
2272,-7.01,0,0,95.48
2273,-136.1,0,0,859.17
2274,-391.96,0,0,2219.73
2275,-90.68,-0.85,-3.85,488.46
2276,-61.85,0,0,244.42
2277,-457.31,0,0,1856.58
2278,-73.18,0,0,557.07
2279,-68.47,0,0,221.96
2280,-1218.66,-5.25,-34.6,4615.74
2281,-95.01,0,-1.34,326.7
2282,-32.95,-1.9,-2.4,367.45
2283,-50.82,0,0,385.5
2284,-802.2,-0.4,-46.89,6519.16
2285,-42.12,0,0,461.3
2286,-84.54,0,0,713.77
2287,-46.59,0,0,231.96
2288,-244.18,-0.5,-3.75,1297.5
2289,-188.42,-0.3,-0.3,747.54
2290,-58.08,0,-1,384.9
2291,-14.57,0,0,79.56
2292,-13.15,0,0,91.9
2293,-42.38,0,0,336.52
2294,-779.62,-0.9,-1.7,5862.82
2295,-880.44,0,-2,4233.43
2296,-696.08,0,0,4696.21
2297,-35.12,0,0,204.41
2298,-205.02,-6.35,-10.55,1164.36
2299,-143.67,-0.35,-1.35,843.39
2300,-281.15,-1.3,-2.55,1337.8
2301,-428.29,-1.2,-6.4,2188.23
2302,-199.41,-0.5,-1.5,802.42
2303,-144.6,0,-2.5,860.46
2304,-40.89,0,-1.29,201.33
2305,-639.29,-6.95,-28.7,3172.12
2306,-5.87,0,0,50.46
2307,-577.35,-0.75,-7,2545.09
2308,-4.26,0,0,69.28
2309,-14.38,0,0,35.45
2310,-111.9,-0.25,-0.25,551.16
2311,-147.67,0,0,960.11
2312,-1098.4,0,-13.29,6040.39
2313,-11.15,0,0,48.78
2314,-340.28,-1.55,-3.65,2388.06
2315,-20.18,0,0,141.79
2316,-85.5,0,0,610.25
2317,-1287.93,-6.35,-24.14,5224.51
2318,-1174.68,0,-13.99,7214.71
2319,-92.85,0,0,459.49
2320,-12.6,0,0,97.59
2321,-9.56,0,0,98.4
2322,-1158.78,-1.05,-20.45,11752.41
2323,-20.81,0,0,259.73
2324,-139.41,0,-1,749.1
2326,-63.23,0,0,224.78
2327,-208.36,0,-2.89,725.18
2328,-632.3,-1.05,-13.44,6909.12
2329,-417.42,-0.5,-2.5,2057.31
2330,-273.97,-4.5,-35.49,2032.01
2331,-717.55,-10.3,-35.67,2555.37
2332,-12.79,0,0,114.83
2333,-34.81,-2.6,-7.64,65.11
2334,-758.6,-0.25,-9.75,4742.33
2335,-60.07,0,-8,349.02
2336,-279.64,0,-0.5,1236.27
2337,-836.14,-0.85,-4.5,5395.13
2338,-78.08,-0.5,-10.49,541.22
2339,-49.64,0,0,228.2
2340,-124.64,-0.4,-0.4,671.6
2341,-760.78,-0.2,-8.2,2631.2
2342,-392.79,-6.7,-11.3,2403.49
2343,-354.82,-0.5,-4.5,1951.27
2344,-316.34,-0.8,-22.44,1280.66
2345,-335.31,-0.3,-1.3,1974.8
2346,-74.08,0,-1,476.91
2347,-113.83,0,-7.5,254.28
2348,-58.12,0,0,169.97
2349,-154.94,-0.8,-0.8,697.67
2350,-212.25,-0.95,-1.05,969.18
2351,-1225.37,-2.85,-14.05,5926.92
2352,-100.78,0,0,461.94
2353,-17.35,-1.35,-1.35,129.09
2354,-245.5,0,0,1739.78
2355,-3.14,0,0,39.44
2356,-515.49,0,-3.49,1634.37
2357,-23.37,0,0,156.8
2358,-215.82,0,0,1056.11
2359,-265.18,-1.35,-2.99,1391.43
2360,-650.52,0,-1,4431.4
2361,-187.75,0,0,1517.07
2362,-84.42,0,0,365.17
2363,-40.92,0,0,279.33
2364,-446.12,-2,-2,2891.45
2365,-35.06,-0.25,-1.75,313.65
2366,-352.74,0,-11.49,1852.61
2367,-403.79,-1,-3.1,2474.49
2368,-55.04,0,0,463.47
2369,-79.15,0,0,804.78
2370,-741.2,-17.29,-41.87,1899.86
2371,-130.18,0,0,1281
2372,-133.47,-0.45,-1.55,871.38
2373,-255.61,0,-1,644.75
2374,-415.17,-3.9,-5.5,2272
2375,-90.22,0,0,486.9
2376,-122.88,-0.5,-4.99,932.93
2377,-75.42,0,0,381.39
2378,-336.64,-0.45,-3.22,1500.8
2379,-102.58,0,0,493.49
2380,-261.68,-6.05,-10.5,930.95
2381,-216.38,-2.65,-5.75,765.83
2382,-78.62,0,0,314.01
2383,-107.76,0,-2.5,369.48
2384,-120.75,0,0,673.46
2385,-197.61,0,0,1723.84
2386,-71.89,0,-4,394.8
2387,-79.59,0,-7.5,363.43
2388,-92.9,0,-4,693.63
2389,-212.88,0,0,710.13
2390,-69.92,0,-7.29,564.78
2391,-123.13,0,-2.5,343.37
2392,-68.04,0,0,390.61
2393,-133.13,-0.4,-1.4,1002.28
2394,-34.6,0,0,1025.41
2395,-425.8,-0.5,-1.5,2413.4
2396,-61.67,0,0,335.89
2397,-2.77,0,0,29.33
2398,-160.57,-2.35,-7.2,849.82
2399,-10.42,0,0,111.41
2400,-1121.63,-14.4,-31.8,4381.96
2401,-5.39,0,0,116.92
2402,-42.99,0,0,210.82
2403,-3.99,0,0,37.89
2404,-75.39,0,0,145.76
2405,-162.71,0,-2,970.84
2406,-240.48,-0.45,-5.55,1743.83
2407,-903.15,0,-22.34,2164.13
2408,-125.45,0,0,638.74
2409,-242.21,0,-2.3,759.64
2410,-178.87,0,0,950.36
2411,-63.68,0,0,857.68
2412,-1294.83,-1.3,-1.7,4507.5
2413,-21.35,0,0,191.73
2414,-5.27,0,0,26
2415,-166.79,0,0,1430.23
2416,-216.87,0,-0.75,1369.91
2417,-22.99,0,0,119.77
2418,-55.07,0,0,359.75
2419,-117.74,0,0,722.84
2420,-279.64,0,0,1811.09
2421,-810.52,-5.6,-24.08,4114.53
2422,-34.73,0,-0.3,237.37
2423,-272.83,-1.1,-21.19,1230.22
2424,-208.64,0,0,1698.69
2425,-394.8,-0.6,-35.09,2829.81
2426,-149.86,0,-1.67,956.46
2427,-905.05,-5.9,-20.35,3488.31
2428,-12.51,0,0,164.88
2429,-176.09,0,0,605.34
2430,-199.7,-0.95,-4.55,1036.24
2431,-78.63,0,0,479.16
2432,-461.35,-1.95,-6.94,1559.96
2433,-41.36,0,0,152.32
2434,-55.29,0,0,252.31
2435,-319.37,0,0,844.56
2436,-145.24,-0.3,-5.5,742.26
2437,-232.88,-0.25,-3.44,1945.74
2438,-124.92,0,0,920.93
2439,-163.78,0,0,399.33
2440,-75.19,0,-4,528.32
2441,-140.02,-7.79,-22.95,478.86
2442,-92.12,0,0,251.11
2443,-583.23,-0.4,-13.58,2959.7
2444,-0.34,0,0,13.86
2445,-951.08,-2.5,-25.85,2883
2446,-597.6,-5.45,-23,3148.86
2447,-682,0,0,4736.05
2448,-1111.49,-26.15,-143,4956.81
2449,-611.17,-6.15,-24.55,5431.4
2450,-390.51,-13.49,-52.49,1694.08
2451,-736.14,-22.15,-57.44,3196.71
2452,-197.77,0,0,1159.54
2453,-263.33,-1.9,-10,1961.13
2454,-15.99,0,0,71.83
2455,-169.81,0,0,1185.87
2456,-99.07,0,0,595.03
2457,-179.1,-7.9,-18.4,745.82
2458,-70.48,0,0,525.28
2459,-2391.05,-10.8,-80.92,11558.12
2460,-14.14,0,0,144.44
2461,-100.95,0,0,341.23
2462,-897.07,-10.15,-49.5,4553.63
2463,-8.51,0,0,56.39
2464,-58.62,0,-1,396.84
2465,-229.6,0,-2,1029.15
2466,-71.4,0,0,597.15
2467,-1674.23,-7.7,-45.1,4198.24
2468,-208.71,-1.65,-2.15,816.34
2469,-84.7,0,0,402.26
2470,-89.3,-3.35,-14.34,424.71
2471,-77.96,0,0,416.31
2472,-24.68,0,0,84.11
2473,-35.86,0,0,203.48
2474,-168.03,-0.5,-10.5,272.51
2475,-237.23,-0.75,-4.74,1704.04
2476,-9.64,0,0,48.79
2477,-153.99,0,0,790.55
2478,-321.96,-0.9,-1.1,1903.78
2479,-623.51,-3.25,-68.83,5432.83
2480,-98.75,0,-6,808.64
2481,-464.44,-6.65,-14.54,2060.84
2482,-463.37,0,-6.29,1936.76
2483,-0.98,0,0,5
2484,-464.38,0,0,2593.26
2485,-126.52,0,0,997.86
2486,-217.56,0,-3.5,778.12
2487,-52.65,-1.6,-7.89,237.39
2488,-298.51,-4.55,-9.44,2383.37
2489,-669.5,-63.2,-176.56,3793.24
2490,-74.32,-0.45,-0.55,295.99
2491,-124.3,0,-7.78,735.47
2492,-149.4,0,0,824.92
2493,-296.19,0,0,1826.21
2494,-98.49,0,-1,722.96
2495,-3.79,0,0,35.71
2496,-401.11,-4.85,-11.95,1601.56
2497,-525.68,0,-4,2816.58
2498,-86.33,0,0,701.99
2499,-136.7,0,0,1026.82
2500,-300.19,-8.05,-44.88,1471.76
